1;1;23;1
1;2;25;1
1;3;60;1
1;4;52;1
1;5;24;1
1;6;23;1
1;7;6;1
1;8;24;1
1;9;6;1
1;10;6;1
1;11;25;1
1;12;46;1
1;13;25;1
1;14;49;1
1;15;6;1
1;16;6;1
1;17;23;1
1;18;6;1
1;19;6;1
1;20;52;1
1;21;24;1
1;22;25;1
1;23;52;1
1;24;24;1
1;25;6;1
1;26;23;1
1;27;24;1
1;28;6;1
1;29;6;1
1;30;25;1
1;31;25;1
1;32;47;1
1;33;24;1
1;34;24;1
1;35;23;1
1;36;23;1
1;37;25;1
1;38;25;1
1;39;47;1
1;40;24;1
1;41;6;1
1;42;24;1
1;43;6;1
1;44;23;1
1;45;6;1
1;46;25;1
1;47;52;1
1;48;24;1
1;49;6;1
1;50;6;1
1;51;73;1
1;52;6;1
1;53;6;1
1;54;73;1
1;55;73;1
1;56;73;1
1;57;25;1
1;58;25;1
1;59;24;1
1;60;73;1
1;61;60;1
1;62;25;1
1;63;25;1
1;64;73;1
1;65;25;1
1;66;52;1
1;67;60;1
1;68;60;1
1;69;73;1
1;70;60;1
1;71;73;1
1;72;73;1
1;73;6;1
1;74;52;1
1;75;52;1
1;76;23;1
1;77;6;1
1;78;25;1
1;79;52;1
1;80;52;1
1;81;23;1
1;82;23;1
1;83;23;1
1;84;6;1
1;85;24;1
1;86;6;1
1;87;24;1
1;88;25;1
1;89;46;1
1;90;6;1
1;91;24;1
1;92;47;1
1;93;25;1
1;94;52;1
1;95;24;1
1;96;23;1
1;97;6;1
1;98;24;1
1;99;54;1
1;100;5;1
1;101;54;1
1;102;54;1
1;103;54;1
1;104;54;1
1;105;54;1
1;106;54;1
1;107;46;1
1;108;52;1
1;109;54;1
1;110;5;1
1;111;54;1
1;112;4;1
1;113;54;1
1;114;54;1
1;115;47;1
1;116;54;1
1;117;54;1
1;118;50;1
1;119;54;1
1;120;5;1
1;121;47;1
1;122;6;1
1;123;54;1
1;124;54;1
1;125;5;1
1;126;4;1
1;127;54;1
1;128;54;1
1;129;4;1
1;130;54;1
1;131;54;1
1;132;4;1
1;133;25;1
1;134;4;1
1;135;54;1
1;136;46;1
1;137;46;1
1;138;54;1
1;139;5;1
1;140;54;1
1;141;4;1
1;142;54;1
1;143;54;1
1;144;54;1
1;145;54;1
1;146;4;1
1;147;5;1
1;148;4;1
1;149;24;1
1;150;25;1
1;151;54;1
1;152;54;1
1;153;54;1
1;154;54;1
1;155;5;1
1;156;54;1
1;157;54;1
1;158;54;1
1;159;4;1
1;160;54;1
1;161;54;1
1;162;5;1
1;163;54;1
1;164;54;1
1;165;5;1
1;166;4;1
1;167;5;1
1;168;4;1
1;169;4;1
1;170;50;1
1;171;54;1
1;172;54;1
1;173;54;1
1;174;4;1
1;175;6;1
1;176;6;1
1;177;54;1
1;178;4;1
1;179;6;1
1;180;50;1
1;181;50;1
1;182;50;1
1;183;50;1
1;184;50;1
1;185;50;1
1;186;50;1
1;187;54;1
1;188;50;1
1;189;50;1
1;190;50;1
1;191;50;1
1;192;50;1
1;193;50;1
1;194;50;1
1;195;50;1
1;196;50;1
1;197;50;1
1;198;50;1
1;199;50;1
1;200;50;1
1;201;50;1
1;202;54;1
1;203;54;1
1;204;54;1
1;205;53;1
1;206;53;1
1;207;53;1
1;208;53;1
1;209;53;1
1;210;10;1
1;211;3;1
1;212;3;1
1;213;3;1
1;214;21;1
1;215;3;1
1;216;3;1
1;217;21;1
1;218;21;1
1;219;21;1
1;220;21;1
1;221;45;1
1;222;45;1
1;223;45;1
1;224;53;1
1;225;3;1
1;226;21;1
1;227;21;1
1;228;3;1
1;229;21;1
1;230;53;1
1;231;21;1
1;232;21;1
1;233;53;1
1;234;3;1
1;235;53;1
1;236;3;1
1;237;21;1
1;238;3;1
1;239;21;1
1;240;3;1
1;241;21;1
1;242;3;1
1;243;3;1
1;244;21;1
1;245;53;1
1;246;53;1
1;247;21;1
1;248;53;1
1;249;53;1
1;250;21;1
1;251;53;1
1;252;53;1
1;253;53;1
1;254;53;1
1;255;21;1
1;256;53;1
1;257;21;1
1;258;3;1
1;259;3;1
1;260;21;1
1;261;3;1
1;262;53;1
1;263;21;1
1;264;53;1
1;265;3;1
1;266;21;1
1;267;21;1
1;268;53;1
1;269;3;1
1;270;21;1
1;271;10;1
1;272;3;1
1;273;21;1
1;274;3;1
1;275;21;1
1;276;21;1
1;277;53;1
1;278;3;1
1;279;21;1
1;280;53;1
1;281;3;1
1;282;21;1
1;283;3;1
1;284;21;1
1;285;3;1
1;286;53;1
1;287;53;1
1;288;53;1
1;289;3;1
1;290;21;1
1;291;3;1
1;292;21;1
1;293;21;1
1;294;21;1
1;295;3;1
1;296;53;1
1;297;21;1
1;298;53;1
1;299;53;1
1;300;3;1
1;301;3;1
1;302;21;1
1;303;40;1
1;304;3;1
1;305;40;1
1;306;21;1
1;307;3;1
1;308;53;1
1;309;21;1
1;310;3;1
1;311;21;1
1;312;3;1
1;313;10;1
1;314;53;1
1;315;3;1
1;316;21;1
1;317;21;1
1;318;3;1
1;319;21;1
1;320;3;1
1;321;21;1
1;322;21;1
1;323;21;1
1;324;21;1
1;325;3;1
1;326;21;1
1;327;39;1
1;328;53;1
1;329;21;1
1;330;53;1
1;331;21;1
1;332;53;1
1;333;53;1
1;334;10;1
1;335;21;1
1;336;53;1
1;337;0;1
1;338;53;1
1;339;53;1
1;340;21;1
1;341;3;1
1;342;3;1
1;343;3;1
1;344;3;1
1;345;21;1
1;346;3;1
1;347;21;1
1;348;21;1
1;349;21;1
1;350;21;1
1;351;3;1
1;352;21;1
1;353;3;1
1;354;21;1
1;355;3;1
1;356;3;1
1;357;3;1
1;358;53;1
1;359;40;1
1;360;3;1
1;361;3;1
1;362;3;1
1;363;3;1
1;364;3;1
1;365;70;1
1;366;3;1
1;367;3;1
1;368;3;1
1;369;3;1
1;370;21;1
1;371;21;1
1;372;21;1
1;373;53;1
1;374;3;1
1;375;53;1
1;376;53;1
1;377;53;1
1;378;53;1
1;379;53;1
1;380;21;1
1;381;3;1
1;382;3;1
1;383;21;1
1;384;39;1
1;385;53;1
1;386;53;1
1;387;53;1
1;388;53;1
1;389;53;1
1;390;21;1
1;391;53;1
1;392;53;1
1;393;3;1
1;394;21;1
1;395;21;1
1;396;53;1
1;397;8;1
1;398;8;1
1;399;8;1
1;400;8;1
1;401;20;1
1;402;8;1
1;403;20;1
1;404;8;1
1;405;20;1
1;406;20;1
1;407;10;1
1;408;8;1
1;409;20;1
1;410;8;1
1;411;20;1
1;412;21;1
1;413;20;1
1;414;20;1
1;415;20;1
1;416;8;1
1;417;20;1
1;418;21;1
1;419;8;1
1;420;20;1
1;421;8;1
1;422;20;1
1;423;8;1
1;424;20;1
1;425;8;1
1;426;20;1
1;427;20;1
1;428;20;1
1;429;20;1
1;430;20;1
1;431;8;1
1;432;20;1
1;433;20;1
1;434;20;1
1;435;20;1
1;436;8;1
1;437;20;1
1;438;20;1
1;439;21;1
1;440;8;1
1;441;21;1
1;442;21;1
1;443;21;1
1;444;3;1
1;445;21;1
1;446;21;1
1;447;53;1
1;448;3;1
1;449;1;1
1;450;21;1
1;451;21;1
1;452;1;1
1;453;3;1
1;454;21;1
1;455;21;1
1;456;53;1
1;457;21;1
1;458;3;1
1;459;21;1
1;460;21;1
1;461;21;1
1;462;3;1
1;463;3;1
1;464;53;1
1;465;21;1
1;466;53;1
1;467;21;1
1;468;53;1
1;469;3;1
1;470;21;1
1;471;53;1
1;472;21;1
1;473;53;1
1;474;21;1
1;475;21;1
1;476;3;1
1;477;3;1
1;478;40;1
1;479;53;1
1;480;21;1
1;481;3;1
1;482;21;1
1;483;53;1
1;484;53;1
1;485;21;1
1;486;3;1
1;487;53;1
1;488;21;1
1;489;21;1
1;490;21;1
1;491;21;1
1;492;53;1
1;493;21;1
1;494;53;1
1;495;1;1
1;496;53;1
1;497;1;1
1;498;21;1
1;499;53;1
1;500;21;1
1;501;53;1
1;502;3;1
1;503;53;1
1;504;21;1
1;505;1;1
1;506;21;1
1;507;21;1
1;508;53;1
1;509;3;1
1;510;21;1
1;511;21;1
1;512;3;1
1;513;21;1
1;514;3;1
1;515;21;1
1;516;3;1
1;517;53;1
1;518;3;1
1;519;53;1
1;520;3;1
1;521;3;1
1;522;3;1
1;523;3;1
1;524;3;1
1;525;3;1
1;526;3;1
1;527;3;1
1;528;21;1
1;529;3;1
1;530;53;1
1;531;21;1
1;532;53;1
1;533;53;1
1;534;53;1
1;535;3;1
1;536;53;1
1;537;21;1
1;538;53;1
1;539;3;1
1;540;53;1
1;541;21;1
1;542;53;1
1;543;3;1
1;544;3;1
1;545;21;1
1;546;40;1
1;547;40;1
1;548;3;1
1;549;53;1
1;550;53;1
1;551;53;1
1;552;21;1
1;553;3;1
1;554;21;1
1;555;21;1
1;556;53;1
1;557;53;1
1;558;53;1
1;559;53;1
1;560;53;1
1;561;53;1
1;562;53;1
1;563;53;1
1;564;53;1
1;565;53;1
1;566;39;1
1;567;21;1
1;568;53;1
1;569;21;1
1;570;53;1
1;571;21;1
1;572;53;1
1;573;1;1
1;574;53;1
1;575;53;1
1;576;1;1
1;577;53;1
1;578;53;1
1;579;1;1
1;580;1;1
1;581;53;1
1;582;53;1
1;583;21;1
1;584;53;1
1;585;53;1
1;586;53;1
1;587;53;1
1;588;53;1
1;589;53;1
1;590;53;1
1;591;53;1
1;592;53;1
1;593;53;1
1;594;2;1
1;595;3;1
1;596;21;1
1;597;3;1
1;598;1;1
1;599;21;1
1;600;1;1
1;601;3;1
1;602;21;1
1;603;1;1
1;604;53;1
1;605;3;1
1;606;53;1
1;607;3;1
1;608;3;1
1;609;53;1
1;610;53;1
1;611;3;1
1;612;53;1
1;613;3;1
1;614;53;1
1;615;53;1
1;616;3;1
1;617;53;1
1;618;53;1
1;619;21;1
1;620;21;1
1;621;3;1
1;622;21;1
1;623;21;1
1;624;1;1
1;625;21;1
1;626;1;1
1;627;1;1
1;628;1;1
1;629;3;1
1;630;40;1
1;631;21;1
1;632;21;1
1;633;21;1
1;634;3;1
1;635;21;1
1;636;21;1
1;637;21;1
1;638;3;1
1;639;21;1
1;640;21;1
1;641;53;1
1;642;53;1
1;643;53;1
1;644;3;1
1;645;3;1
1;646;21;1
1;647;21;1
1;648;3;1
1;649;3;1
1;650;53;1
1;651;53;1
1;652;53;1
1;653;53;1
1;654;22;1
1;655;22;1
1;656;22;1
1;657;22;1
1;658;22;1
1;659;22;1
1;660;22;1
1;661;22;1
1;662;22;1
1;663;22;1
1;664;22;1
1;665;22;1
1;666;22;1
1;667;53;1
1;668;22;1
1;669;3;1
1;670;21;1
1;671;53;1
1;672;21;1
1;673;53;1
1;674;3;1
1;675;21;1
1;676;53;1
1;677;3;1
1;678;21;1
1;679;1;1
1;680;21;1
1;681;1;1
1;682;3;1
1;683;21;1
1;684;1;1
1;685;22;1
1;686;22;1
1;687;22;1
1;688;22;1
1;689;22;1
1;690;21;1
1;691;3;1
1;692;3;1
1;693;21;1
1;694;3;1
1;695;3;1
1;696;21;1
1;697;21;1
1;698;3;1
1;699;21;1
1;700;3;1
1;701;21;1
1;702;1;1
1;703;53;1
1;704;53;1
1;705;21;1
1;706;1;1
1;707;53;1
1;708;53;1
1;709;53;1
1;710;1;1
1;711;53;1
1;712;53;1
1;713;3;1
1;714;21;1
1;715;21;1
1;716;1;1
1;717;53;1
1;718;1;1
1;719;53;1
1;720;21;1
1;721;21;1
1;722;21;1
1;723;1;1
1;724;21;1
1;725;1;1
1;726;3;1
1;727;21;1
1;728;3;1
1;729;3;1
1;730;21;1
1;731;21;1
1;732;3;1
1;733;3;1
1;734;21;1
1;735;3;1
1;736;53;1
1;737;10;1
1;738;21;1
1;739;70;1
1;740;21;1
1;741;3;1
1;742;3;1
1;743;3;1
1;744;3;1
1;745;21;1
1;746;3;1
1;747;3;1
1;748;21;1
1;749;3;1
1;750;21;1
1;751;21;1
1;752;3;1
1;753;21;1
1;754;53;1
1;755;53;1
1;756;21;1
1;757;39;1
1;758;21;1
1;759;3;1
1;760;21;1
1;761;3;1
1;762;3;1
1;763;3;1
1;764;53;1
1;765;53;1
1;766;21;1
1;767;3;1
1;768;53;1
1;769;21;1
1;770;3;1
1;771;21;1
1;772;3;1
1;773;21;1
1;774;3;1
1;775;21;1
1;776;21;1
1;777;21;1
1;778;3;1
1;779;1;1
1;780;3;1
1;781;21;1
1;782;3;1
1;783;53;1
1;784;53;1
1;785;53;1
1;786;53;1
1;787;53;1
1;788;53;1
1;789;40;1
1;790;40;1
1;791;53;1
1;792;21;1
1;793;21;1
1;794;53;1
1;795;21;1
1;796;21;1
1;797;21;1
1;798;53;1
1;799;21;1
1;800;53;1
1;801;21;1
1;802;1;1
1;803;3;1
1;804;53;1
1;805;21;1
1;806;1;1
1;807;21;1
1;808;21;1
1;809;53;1
1;810;21;1
1;811;53;1
1;812;21;1
1;813;21;1
1;814;53;1
1;815;21;1
1;816;3;1
1;817;21;1
1;818;53;1
1;819;3;1
1;820;21;1
1;821;3;1
1;822;53;1
1;823;21;1
1;824;1;1
1;825;21;1
1;826;3;1
1;827;21;1
1;828;21;1
1;829;53;1
1;830;21;1
1;831;21;1
1;832;1;1
1;833;21;1
1;834;21;1
1;835;21;1
1;836;1;1
1;837;1;1
1;838;53;1
1;839;21;1
1;840;21;1
1;841;53;1
1;842;21;1
1;843;53;1
1;844;21;1
1;845;53;1
1;846;1;1
1;847;53;1
1;848;21;1
1;849;21;1
1;850;21;1
1;851;21;1
1;852;3;1
1;853;21;1
1;854;3;1
1;855;21;1
1;856;3;1
1;857;53;1
1;858;21;1
1;859;21;1
1;860;21;1
1;861;3;1
1;862;21;1
1;863;3;1
1;864;21;1
1;865;1;1
1;866;3;1
1;867;3;1
1;868;53;1
1;869;3;1
1;870;53;1
1;871;53;1
1;872;21;1
1;873;21;1
1;874;3;1
1;875;21;1
1;876;21;1
1;877;3;1
1;878;3;1
1;879;21;1
1;880;3;1
1;881;53;1
1;882;3;1
1;883;53;1
1;884;3;1
1;885;53;1
1;886;3;1
1;887;3;1
1;888;3;1
1;889;3;1
1;890;53;1
1;891;3;1
1;892;53;1
1;893;3;1
1;894;3;1
1;895;21;1
1;896;3;1
1;897;21;1
1;898;3;1
1;899;53;1
1;900;53;1
1;901;53;1
1;902;3;1
1;903;21;1
1;904;53;1
1;905;53;1
1;906;53;1
1;907;53;1
1;908;21;1
1;909;3;1
1;910;53;1
1;911;21;1
1;912;53;1
1;913;53;1
1;914;21;1
1;915;53;1
1;916;53;1
1;917;3;1
1;918;3;1
1;919;21;1
1;920;53;1
1;921;21;1
1;922;53;1
1;923;53;1
1;924;21;1
1;925;3;1
1;926;21;1
1;927;53;1
1;928;53;1
1;929;53;1
1;930;3;1
1;931;3;1
1;932;1;1
1;933;3;1
1;934;53;1
1;935;53;1
1;936;3;1
1;937;53;1
1;938;3;1
1;939;53;1
1;940;3;1
1;941;3;1
1;942;3;1
1;943;3;1
1;944;10;1
1;945;53;1
1;946;53;1
1;947;3;1
1;948;21;1
1;949;53;1
1;950;53;1
1;951;53;1
1;952;3;1
1;953;53;1
1;954;3;1
1;955;21;1
1;956;3;1
1;957;21;1
1;958;40;1
1;959;21;1
1;960;3;1
1;961;21;1
1;962;3;1
1;963;3;1
1;964;21;1
1;965;3;1
1;966;21;1
1;967;3;1
1;968;21;1
1;969;10;1
1;970;21;1
1;971;53;1
1;972;21;1
1;973;53;1
1;974;53;1
1;975;3;1
1;976;53;1
1;977;1;1
1;978;3;1
1;979;21;1
1;980;21;1
1;981;53;1
1;982;21;1
1;983;53;1
1;984;21;1
1;985;3;1
1;986;3;1
1;987;53;1
1;988;21;1
1;989;53;1
1;990;53;1
1;991;53;1
1;992;53;1
1;993;3;1
1;994;53;1
1;995;21;1
1;996;3;1
1;997;21;1
1;998;3;1
1;999;21;1
1;1000;53;1
1;1001;3;1
1;1002;21;1
1;1003;3;1
1;1004;3;1
1;1005;21;1
1;1006;21;1
1;1007;53;1
1;1008;3;1
1;1009;3;1
1;1010;53;1
1;1011;3;1
1;1012;21;1
1;1013;21;1
1;1014;53;1
1;1015;53;1
1;1016;53;1
1;1017;21;1
1;1018;21;1
1;1019;3;1
1;1020;21;1
1;1021;21;1
1;1022;21;1
1;1023;3;1
1;1024;3;1
1;1025;3;1
1;1026;3;1
1;1027;3;1
1;1028;3;1
1;1029;3;1
1;1030;21;1
1;1031;21;1
1;1032;3;1
1;1033;3;1
1;1034;3;1
1;1035;3;1
1;1036;3;1
1;1037;3;1
1;1038;21;1
1;1039;21;1
1;1040;25;1
1;1041;25;1
1;1042;25;1
1;1043;25;1
1;1044;25;1
1;1045;3;1
1;1046;3;1
1;1047;3;1
1;1048;3;1
1;1049;58;1
1;1050;25;1
1;1051;25;1
1;1052;25;1
1;1053;25;1
1;1054;25;1
1;1055;3;1
1;1056;3;1
1;1057;3;1
1;1058;3;1
1;1059;3;1
1;1060;55;1
1;1061;25;1
1;1062;25;1
1;1063;25;1
1;1064;25;1
1;1065;25;1
1;1066;25;1
1;1067;25;1
1;1068;25;1
1;1069;25;1
1;1070;25;1
1;1071;25;1
1;1072;3;1
1;1073;3;1
1;1074;3;1
1;1075;3;1
1;1076;3;1
1;1077;3;1
1;1078;3;1
1;1079;3;1
1;1080;3;1
1;1081;3;1
1;1082;3;1
1;1083;3;1
1;1084;3;1
1;1085;10;1
1;1086;35;1
1;1087;25;1
1;1088;25;1
1;1089;25;1
1;1090;25;1
1;1091;25;1
1;1092;3;1
1;1093;25;1
1;1094;25;1
1;1095;25;1
1;1096;25;1
1;1097;25;1
1;1098;25;1
1;1099;25;1
1;1100;25;1
1;1101;25;1
1;1102;25;1
1;1103;25;1
1;1104;25;1
1;1105;25;1
1;1106;25;1
1;1107;25;1
1;1108;25;1
1;1109;25;1
1;1110;3;1
1;1111;3;1
1;1112;3;1
1;1113;3;1
1;1114;3;1
1;1115;3;1
1;1116;3;1
1;1117;3;1
1;1118;3;1
1;1119;3;1
1;1120;3;1
1;1121;3;1
1;1122;3;1
1;1123;3;1
1;1124;3;1
1;1125;14;1
1;1126;10;1
1;1127;25;1
1;1128;25;1
1;1129;25;1
1;1130;25;1
1;1131;25;1
1;1132;25;1
1;1133;25;1
1;1134;25;1
1;1135;25;1
1;1136;25;1
1;1137;25;1
1;1138;8;1
1;1139;25;1
1;1140;25;1
1;1141;25;1
1;1142;25;1
1;1143;8;1
1;1144;8;1
1;1145;3;1
1;1146;3;1
1;1147;3;1
1;1148;3;1
1;1149;3;1
1;1150;3;1
1;1151;3;1
1;1152;3;1
1;1153;3;1
1;1154;3;1
1;1155;3;1
1;1156;3;1
1;1157;3;1
1;1158;3;1
1;1159;3;1
1;1160;3;1
1;1161;58;1
1;1162;37;1
1;1163;10;1
1;1164;25;1
1;1165;25;1
1;1166;25;1
1;1167;25;1
1;1168;25;1
1;1169;3;1
1;1170;3;1
1;1171;3;1
1;1172;3;1
1;1173;3;1
1;1174;3;1
1;1175;25;1
1;1176;25;1
1;1177;25;1
1;1178;25;1
1;1179;25;1
1;1180;25;1
1;1181;25;1
1;1182;25;1
1;1183;3;1
1;1184;3;1
1;1185;3;1
1;1186;3;1
1;1187;3;1
1;1188;3;1
1;1189;3;1
1;1190;3;1
1;1191;10;1
1;1192;69;1
1;1193;25;1
1;1194;25;1
1;1195;25;1
1;1196;25;1
1;1197;25;1
1;1198;25;1
1;1199;25;1
1;1200;25;1
1;1201;25;1
1;1202;25;1
1;1203;25;1
1;1204;25;1
1;1205;3;1
1;1206;3;1
1;1207;3;1
1;1208;3;1
1;1209;3;1
1;1210;3;1
1;1211;3;1
1;1212;3;1
1;1213;3;1
1;1214;3;1
1;1215;3;1
1;1216;3;1
1;1217;3;1
1;1218;3;1
1;1219;65;1
1;1220;25;1
1;1221;25;1
1;1222;25;1
1;1223;25;1
1;1224;25;1
1;1225;25;1
1;1226;3;1
1;1227;3;1
1;1228;3;1
1;1229;3;1
1;1230;3;1
1;1231;3;1
1;1232;25;1
1;1233;25;1
1;1234;25;1
1;1235;25;1
1;1236;25;1
1;1237;3;1
1;1238;3;1
1;1239;3;1
1;1240;3;1
1;1241;25;1
1;1242;25;1
1;1243;25;1
1;1244;25;1
1;1245;25;1
1;1246;25;1
1;1247;25;1
1;1248;25;1
1;1249;3;1
1;1250;3;1
1;1251;3;1
1;1252;3;1
1;1253;3;1
1;1254;3;1
1;1255;3;1
1;1256;25;1
1;1257;25;1
1;1258;25;1
1;1259;25;1
1;1260;3;1
1;1261;3;1
1;1262;3;1
1;1263;3;1
1;1264;36;1
1;1265;25;1
1;1266;25;1
1;1267;3;1
1;1268;3;1
1;1269;3;1
1;1270;3;1
1;1271;3;1
1;1272;25;1
1;1273;25;1
1;1274;25;1
1;1275;25;1
1;1276;25;1
1;1277;25;1
1;1278;3;1
1;1279;3;1
1;1280;3;1
1;1281;3;1
1;1282;3;1
1;1283;25;1
1;1284;25;1
1;1285;25;1
1;1286;25;1
1;1287;25;1
1;1288;25;1
1;1289;25;1
1;1290;25;1
1;1291;25;1
1;1292;3;1
1;1293;3;1
1;1294;3;1
1;1295;3;1
1;1296;3;1
1;1297;3;1
1;1298;3;1
1;1299;3;1
1;1300;3;1
1;1301;3;1
1;1302;3;1
1;1303;3;1
1;1304;3;1
1;1305;59;1
1;1306;25;1
1;1307;25;1
1;1308;3;1
1;1309;3;1
1;1310;3;1
1;1311;3;1
1;1312;3;1
1;1313;3;1
1;1314;3;1
1;1315;3;1
1;1316;3;1
1;1317;25;1
1;1318;25;1
1;1319;25;1
1;1320;25;1
1;1321;3;1
1;1322;3;1
1;1323;3;1
1;1324;25;1
1;1325;25;1
1;1326;25;1
1;1327;25;1
1;1328;25;1
1;1329;25;1
1;1330;25;1
1;1331;25;1
1;1332;3;1
1;1333;3;1
1;1334;3;1
1;1335;3;1
1;1336;3;1
1;1337;3;1
1;1338;25;1
1;1339;25;1
1;1340;25;1
1;1341;25;1
1;1342;25;1
1;1343;3;1
1;1344;3;1
1;1345;3;1
1;1346;25;1
1;1347;25;1
1;1348;25;1
1;1349;25;1
1;1350;25;1
1;1351;25;1
1;1352;25;1
1;1353;25;1
1;1354;3;1
1;1355;3;1
1;1356;3;1
1;1357;25;1
1;1358;25;1
1;1359;25;1
1;1360;25;1
1;1361;25;1
1;1362;25;1
1;1363;25;1
1;1364;25;1
1;1365;3;1
1;1366;3;1
1;1367;3;1
1;1368;3;1
1;1369;3;1
1;1370;3;1
1;1371;3;1
1;1372;39;1
1;1373;58;1
1;1374;66;1
1;1375;35;1
1;1376;35;1
1;1377;69;1
1;1378;25;1
1;1379;25;1
1;1380;25;1
1;1381;25;1
1;1382;25;1
1;1383;25;1
1;1384;25;1
1;1385;25;1
1;1386;3;1
1;1387;3;1
1;1388;3;1
1;1389;3;1
1;1390;3;1
1;1391;3;1
1;1392;3;1
1;1393;3;1
1;1394;35;1
1;1395;25;1
1;1396;25;1
1;1397;25;1
1;1398;25;1
1;1399;25;1
1;1400;25;1
1;1401;25;1
1;1402;25;1
1;1403;3;1
1;1404;3;1
1;1405;3;1
1;1406;25;1
1;1407;25;1
1;1408;25;1
1;1409;25;1
1;1410;25;1
1;1411;25;1
1;1412;25;1
1;1413;25;1
1;1414;25;1
1;1415;25;1
1;1416;25;1
1;1417;25;1
1;1418;25;1
1;1419;25;1
1;1420;25;1
1;1421;25;1
1;1422;25;1
1;1423;3;1
1;1424;3;1
1;1425;3;1
1;1426;3;1
1;1427;3;1
1;1428;3;1
1;1429;3;1
1;1430;3;1
1;1431;3;1
1;1432;41;1
1;1433;14;1
1;1434;57;1
1;1435;41;1
1;1436;45;1
1;1437;45;1
1;1438;59;1
1;1439;68;1
1;1440;65;1
1;1441;25;1
1;1442;25;1
1;1443;25;1
1;1444;25;1
1;1445;25;1
1;1446;25;1
1;1447;25;1
1;1448;25;1
1;1449;25;1
1;1450;25;1
1;1451;25;1
1;1452;25;1
1;1453;25;1
1;1454;25;1
1;1455;25;1
1;1456;25;1
1;1457;25;1
1;1458;25;1
1;1459;25;1
1;1460;25;1
1;1461;3;1
1;1462;3;1
1;1463;3;1
1;1464;3;1
1;1465;3;1
1;1466;3;1
1;1467;3;1
1;1468;9;1
1;1469;35;1
1;1470;25;1
1;1471;25;1
1;1472;25;1
1;1473;25;1
1;1474;25;1
1;1475;25;1
1;1476;25;1
1;1477;25;1
1;1478;25;1
1;1479;25;1
1;1480;25;1
1;1481;25;1
1;1482;25;1
1;1483;25;1
1;1484;25;1
1;1485;3;1
1;1486;3;1
1;1487;3;1
1;1488;3;1
1;1489;69;1
1;1490;25;1
1;1491;25;1
1;1492;25;1
1;1493;25;1
1;1494;25;1
1;1495;25;1
1;1496;25;1
1;1497;25;1
1;1498;25;1
1;1499;25;1
1;1500;25;1
1;1501;25;1
1;1502;25;1
1;1503;25;1
1;1504;25;1
1;1505;25;1
1;1506;25;1
1;1507;25;1
1;1508;25;1
1;1509;25;1
1;1510;25;1
1;1511;25;1
1;1512;66;1
1;1513;58;1
1;1514;3;1
1;1515;25;1
1;1516;25;1
1;1517;25;1
1;1518;25;1
1;1519;25;1
1;1520;25;1
1;1521;25;1
1;1522;25;1
1;1523;25;1
1;1524;25;1
1;1525;25;1
1;1526;25;1
1;1527;25;1
1;1528;25;1
1;1529;25;1
1;1530;3;1
1;1531;10;1
1;1532;35;1
1;1533;69;1
1;1534;39;1
1;1535;25;1
1;1536;45;1
1;1537;36;1
1;1538;10;1
1;1539;68;1
1;1540;69;1
1;1541;36;1
1;1542;36;1
1;1543;25;1
1;1544;25;1
1;1545;25;1
1;1546;25;1
1;1547;25;1
1;1548;25;1
1;1549;25;1
1;1550;25;1
1;1551;25;1
1;1552;25;1
1;1553;25;1
1;1554;25;1
1;1555;25;1
1;1556;25;1
1;1557;25;1
1;1558;25;1
1;1559;25;1
1;1560;25;1
1;1561;25;1
1;1562;69;1
1;1563;35;1
1;1564;35;1
1;1565;58;1
1;1566;58;1
1;1567;25;1
1;1568;25;1
1;1569;25;1
1;1570;25;1
1;1571;25;1
1;1572;25;1
1;1573;25;1
1;1574;25;1
1;1575;25;1
1;1576;25;1
1;1577;58;1
1;1578;39;1
1;1579;39;1
1;1580;37;1
1;1581;66;1
1;1582;39;1
1;1583;72;1
1;1584;25;1
1;1585;25;1
1;1586;25;1
1;1587;3;1
1;1588;10;1
1;1589;37;1
1;1590;10;1
1;1591;25;1
1;1592;25;1
1;1593;25;1
1;1594;25;1
1;1595;25;1
1;1596;3;1
1;1597;3;1
1;1598;3;1
1;1599;25;1
1;1600;35;1
1;1601;35;1
1;1602;36;1
1;1603;25;1
1;1604;25;1
1;1605;25;1
1;1606;25;1
1;1607;25;1
1;1608;25;1
1;1609;25;1
1;1610;25;1
1;1611;25;1
1;1612;25;1
1;1613;25;1
1;1614;25;1
1;1615;3;1
1;1616;3;1
1;1617;25;1
1;1618;25;1
1;1619;25;1
1;1620;25;1
1;1621;25;1
1;1622;25;1
1;1623;35;1
1;1624;14;1
1;1625;37;1
1;1626;35;1
1;1627;25;1
1;1628;25;1
1;1629;25;1
1;1630;25;1
1;1631;58;1
1;1632;58;1
1;1633;25;1
1;1634;25;1
1;1635;25;1
1;1636;25;1
1;1637;25;1
1;1638;25;1
1;1639;25;1
1;1640;25;1
1;1641;25;1
1;1642;25;1
1;1643;25;1
1;1644;25;1
1;1645;25;1
1;1646;25;1
1;1647;69;1
1;1648;69;1
1;1649;25;1
1;1650;25;1
1;1651;66;1
1;1652;37;1
1;1653;25;1
1;1654;25;1
1;1655;25;1
1;1656;25;1
1;1657;25;1
1;1658;25;1
1;1659;10;1
1;1660;65;1
1;1661;58;1
1;1662;59;1
1;1663;25;1
1;1664;25;1
1;1665;35;1
1;1666;58;1
1;1667;59;1
1;1668;66;1
1;1669;10;1
1;1670;25;1
1;1671;25;1
1;1672;25;1
1;1673;25;1
1;1674;25;1
1;1675;25;1
1;1676;25;1
1;1677;25;1
1;1678;25;1
1;1679;25;1
1;1680;25;1
1;1681;25;1
1;1682;25;1
1;1683;25;1
1;1684;25;1
1;1685;25;1
1;1686;25;1
1;1687;25;1
1;1688;25;1
1;1689;25;1
1;1690;25;1
1;1691;25;1
1;1692;25;1
1;1693;25;1
1;1694;25;1
1;1695;25;1
1;1696;25;1
1;1697;25;1
1;1698;25;1
1;1699;25;1
1;1700;25;1
1;1701;25;1
1;1702;25;1
1;1703;25;1
1;1704;25;1
1;1705;25;1
1;1706;25;1
1;1707;25;1
1;1708;25;1
1;1709;25;1
1;1710;25;1
1;1711;25;1
1;1712;25;1
1;1713;25;1
1;1714;25;1
1;1715;25;1
1;1716;25;1
1;1717;25;1
1;1718;25;1
1;1719;25;1
1;1720;25;1
1;1721;25;1
1;1722;25;1
1;1723;25;1
1;1724;25;1
1;1725;25;1
1;1726;25;1
1;1727;25;1
1;1728;25;1
1;1729;25;1
1;1730;25;1
1;1731;25;1
1;1732;25;1
1;1733;25;1
1;1734;25;1
1;1735;25;1
1;1736;25;1
1;1737;25;1
1;1738;25;1
1;1739;25;1
1;1740;25;1
1;1741;25;1
1;1742;25;1
1;1743;25;1
1;1744;25;1
1;1745;25;1
1;1746;25;1
1;1747;25;1
1;1748;25;1
1;1749;25;1
1;1750;25;1
1;1751;25;1
1;1752;25;1
1;1753;25;1
1;1754;25;1
1;1755;25;1
1;1756;25;1
1;1757;25;1
1;1758;25;1
1;1759;25;1
1;1760;58;1
1;1761;58;1
1;1762;39;1
1;1763;15;1
1;1764;37;1
1;1765;25;1
1;1766;25;1
1;1767;25;1
1;1768;25;1
1;1769;25;1
1;1770;25;1
1;1771;25;1
1;1772;25;1
1;1773;25;1
1;1774;25;1
1;1775;25;1
1;1776;25;1
1;1777;25;1
1;1778;25;1
1;1779;25;1
1;1780;25;1
1;1781;25;1
1;1782;25;1
1;1783;25;1
1;1784;25;1
1;1785;35;1
1;1786;35;1
1;1787;10;1
1;1788;10;1
1;1789;58;1
1;1790;58;1
1;1791;36;1
1;1792;58;1
1;1793;58;1
1;1794;58;1
1;1795;37;1
1;1796;42;1
1;1797;35;1
1;1798;10;1
1;1799;37;1
1;1800;58;1
1;1801;14;1
1;1802;25;1
1;1803;25;1
1;1804;25;1
1;1805;25;1
1;1806;25;1
1;1807;25;1
1;1808;25;1
1;1809;65;1
1;1810;65;1
1;1811;35;1
1;1812;35;1
1;1813;58;1
1;1814;36;1
1;1815;66;1
1;1816;35;1
1;1817;37;1
1;1818;37;1
1;1819;10;1
1;1820;14;1
1;1821;58;1
1;1822;65;1
1;1823;41;1
1;1824;41;1
1;1825;57;1
1;1826;45;1
1;1827;45;1
1;1828;25;1
1;1829;59;1
1;1830;25;1
1;1831;69;1
1;1832;65;1
1;1833;25;1
1;1834;25;1
1;1835;38;1
1;1836;14;1
1;1837;69;1
1;1838;36;1
1;1839;37;1
1;1840;37;1
1;1841;69;1
1;1842;58;1
1;1843;66;1
1;1844;58;1
1;1845;65;1
1;1846;58;1
1;1847;69;1
1;1848;65;1
1;1849;35;1
1;1850;66;1
1;1851;10;1
1;1852;65;1
1;1853;36;1
1;1854;19;1
1;1855;36;1
1;1856;65;1
1;1857;10;1
1;1858;58;1
1;1859;69;1
1;1860;64;1
1;1861;35;1
1;1862;10;1
1;1863;68;1
1;1864;14;1
1;1865;9;1
1;1866;14;1
1;1867;68;1
1;1868;58;1
1;1869;35;1
1;1870;37;1
1;1871;58;1
1;1872;40;1
1;1873;40;1
1;1874;40;1
1;1875;40;1
1;1876;40;1
1;1877;40;1
1;1878;37;1
1;1879;40;1
1;1880;40;1
1;1881;40;1
1;1882;40;1
1;1883;35;1
1;1884;40;1
1;1885;40;1
1;1886;40;1
1;1887;36;1
1;1888;37;1
1;1889;69;1
1;1890;65;1
1;1891;40;1
1;1892;40;1
1;1893;40;1
1;1894;40;1
1;1895;40;1
1;1896;40;1
1;1897;40;1
1;1898;40;1
1;1899;36;1
1;1900;58;1
1;1901;40;1
1;1902;12;1
1;1903;35;1
1;1904;69;1
1;1905;10;1
1;1906;13;1
1;1907;69;1
1;1908;58;1
1;1909;68;1
1;1910;14;1
1;1911;41;1
1;1912;41;1
1;1913;58;1
1;1914;12;1
1;1915;57;1
1;1916;40;1
1;1917;12;1
1;1918;12;1
1;1919;35;1
1;1920;12;1
1;1921;35;1
1;1922;40;1
1;1923;12;1
1;1924;12;1
1;1925;12;1
1;1926;36;1
1;1927;58;1
1;1928;58;1
1;1929;37;1
1;1930;12;1
1;1931;12;1
1;1932;12;1
1;1933;12;1
1;1934;37;1
1;1935;10;1
1;1936;10;1
1;1937;35;1
1;1938;12;1
1;1939;12;1
1;1940;58;1
1;1941;36;1
1;1942;12;1
1;1943;37;1
1;1944;10;1
1;1945;16;1
1;1946;25;1
1;1947;12;1
1;1948;37;1
1;1949;58;1
1;1950;12;1
1;1951;58;1
1;1952;58;1
1;1953;12;1
1;1954;12;1
1;1955;61;1
1;1956;37;1
1;1957;61;1
1;1958;12;1
1;1959;58;1
1;1960;25;1
1;1961;25;1
1;1962;25;1
1;1963;25;1
1;1964;25;1
1;1965;25;1
1;1966;25;1
1;1967;25;1
1;1968;25;1
1;1969;25;1
1;1970;25;1
1;1971;25;1
1;1972;25;1
1;1973;25;1
1;1974;25;1
1;1975;25;1
1;1976;25;1
1;1977;25;1
1;1978;25;1
1;1979;25;1
1;1980;25;1
1;1981;25;1
1;1982;25;1
1;1983;25;1
1;1984;25;1
1;1985;25;1
1;1986;25;1
1;1987;25;1
1;1988;61;1
1;1989;37;1
1;1990;45;1
1;1991;18;1
1;1992;61;1
1;1993;12;1
1;1994;57;1
1;1995;44;1
1;1996;58;1
1;1997;58;1
1;1998;17;1
1;1999;16;1
1;2000;36;1
1;2001;36;1
1;2002;68;1
1;2003;58;1
1;2004;15;1
1;2005;58;1
1;2006;35;1
1;2007;61;1
1;2008;36;1
1;2009;58;1
1;2010;12;1
1;2011;40;1
1;2012;61;1
1;2013;12;1
1;2014;72;1
1;2015;66;1
1;2016;39;1
1;2017;39;1
1;2018;37;1
1;2019;69;1
1;2020;10;1
1;2021;40;1
1;2022;41;1
1;2023;40;1
1;2024;65;1
1;2025;57;1
1;2026;64;1
1;2027;65;1
1;2028;41;1
1;2029;41;1
1;2030;14;1
1;2031;39;1
1;2032;61;1
1;2033;61;1
1;2034;12;1
1;2035;69;1
1;2036;39;1
1;2037;39;1
1;2038;45;1
1;2039;14;1
1;2040;3;1
1;2041;25;1
1;2042;3;1
1;2043;25;1
1;2044;25;1
1;2045;25;1
1;2046;25;1
1;2047;3;1
1;2048;25;1
1;2049;25;1
1;2050;25;1
1;2051;3;1
1;2052;3;1
1;2053;3;1
1;2054;3;1
1;2055;3;1
1;2056;25;1
1;2057;25;1
1;2058;25;1
1;2059;25;1
1;2060;25;1
1;2061;35;1
1;2062;41;1
1;2063;45;1
1;2064;39;1
1;2065;3;1
1;2066;25;1
1;2067;3;1
1;2068;3;1
1;2069;3;1
1;2070;3;1
1;2071;3;1
1;2072;25;1
1;2073;25;1
1;2074;25;1
1;2075;25;1
1;2076;3;1
1;2077;25;1
1;2078;25;1
1;2079;10;1
1;2080;12;1
1;2081;25;1
1;2082;25;1
1;2083;25;1
1;2084;25;1
1;2085;3;1
1;2086;3;1
1;2087;3;1
1;2088;25;1
1;2089;25;1
1;2090;25;1
1;2091;25;1
1;2092;3;1
1;2093;25;1
1;2094;25;1
1;2095;25;1
1;2096;25;1
1;2097;25;1
1;2098;25;1
1;2099;25;1
1;2100;25;1
1;2101;25;1
1;2102;3;1
1;2103;3;1
1;2104;25;1
1;2105;25;1
1;2106;25;1
1;2107;25;1
1;2108;25;1
1;2109;25;1
1;2110;25;1
1;2111;25;1
1;2112;25;1
1;2113;25;1
1;2114;25;1
1;2115;25;1
1;2116;25;1
1;2117;51;1
1;2118;3;1
1;2119;3;1
1;2120;3;1
1;2121;3;1
1;2122;3;1
1;2123;3;1
1;2124;3;1
1;2125;3;1
1;2126;3;1
1;2127;3;1
1;2128;25;1
1;2129;25;1
1;2130;25;1
1;2131;40;1
1;2132;3;1
1;2133;25;1
1;2134;3;1
1;2135;25;1
1;2136;3;1
1;2137;35;1
1;2138;25;1
1;2139;3;1
1;2140;3;1
1;2141;9;1
1;2142;3;1
1;2143;25;1
1;2144;3;1
1;2145;25;1
1;2146;14;1
1;2147;41;1
1;2148;3;1
1;2149;12;1
1;2150;25;1
1;2151;10;1
1;2152;25;1
1;2153;3;1
1;2154;25;1
1;2155;36;1
1;2156;25;1
1;2157;3;1
1;2158;25;1
1;2159;3;1
1;2160;3;1
1;2161;25;1
1;2162;37;1
1;2163;25;1
1;2164;39;1
1;2165;25;1
1;2166;7;1
1;2167;66;1
1;2168;25;1
1;2169;25;1
1;2170;25;1
1;2171;25;1
1;2172;25;1
1;2173;25;1
1;2174;25;1
1;2175;25;1
1;2176;3;1
1;2177;3;1
1;2178;3;1
1;2179;3;1
1;2180;3;1
1;2181;3;1
1;2182;3;1
1;2183;3;1
1;2184;3;1
1;2185;3;1
1;2186;3;1
1;2187;3;1
1;2188;3;1
1;2189;3;1
1;2190;35;1
1;2191;40;1
1;2192;12;1
1;2193;66;1
1;2194;7;1
1;2195;10;1
1;2196;37;1
1;2197;37;1
1;2198;25;1
1;2199;25;1
1;2200;25;1
1;2201;25;1
1;2202;25;1
1;2203;25;1
1;2204;25;1
1;2205;25;1
1;2206;3;1
1;2207;3;1
1;2208;3;1
1;2209;3;1
1;2210;3;1
1;2211;3;1
1;2212;3;1
1;2213;40;1
1;2214;12;1
1;2215;39;1
1;2216;37;1
1;2217;10;1
1;2218;35;1
1;2219;25;1
1;2220;25;1
1;2221;25;1
1;2222;25;1
1;2223;25;1
1;2224;25;1
1;2225;25;1
1;2226;25;1
1;2227;25;1
1;2228;25;1
1;2229;25;1
1;2230;25;1
1;2231;25;1
1;2232;25;1
1;2233;25;1
1;2234;25;1
1;2235;25;1
1;2236;25;1
1;2237;25;1
1;2238;25;1
1;2239;25;1
1;2240;3;1
1;2241;3;1
1;2242;3;1
1;2243;3;1
1;2244;3;1
1;2245;3;1
1;2246;3;1
1;2247;3;1
1;2248;3;1
1;2249;3;1
1;2250;3;1
1;2251;3;1
1;2252;3;1
1;2253;3;1
1;2254;3;1
1;2255;3;1
1;2256;3;1
1;2257;3;1
1;2258;3;1
1;2259;3;1
1;2260;10;1
1;2261;37;1
1;2262;14;1
1;2263;35;1
1;2264;39;1
1;2265;45;1
1;2266;36;1
1;2267;41;1
1;2268;9;1
1;2269;36;1
1;2270;40;1
1;2271;41;1
1;2272;36;1
1;2273;25;1
1;2274;25;1
1;2275;25;1
1;2276;25;1
1;2277;25;1
1;2278;25;1
1;2279;25;1
1;2280;25;1
1;2281;25;1
1;2282;25;1
1;2283;25;1
1;2284;25;1
1;2285;25;1
1;2286;25;1
1;2287;25;1
1;2288;25;1
1;2289;25;1
1;2290;25;1
1;2291;25;1
1;2292;25;1
1;2293;25;1
1;2294;25;1
1;2295;25;1
1;2296;25;1
1;2297;25;1
1;2298;25;1
1;2299;25;1
1;2300;25;1
1;2301;3;1
1;2302;3;1
1;2303;3;1
1;2304;3;1
1;2305;3;1
1;2306;3;1
1;2307;3;1
1;2308;37;1
1;2309;12;1
1;2310;66;1
1;2311;35;1
1;2312;40;1
1;2313;25;1
1;2314;25;1
1;2315;25;1
1;2316;25;1
1;2317;25;1
1;2318;3;1
1;2319;3;1
1;2320;3;1
1;2321;3;1
1;2322;3;1
1;2323;9;1
1;2324;35;1
1;2325;40;1
1;2326;10;1
1;2327;12;1
1;2328;25;1
1;2329;25;1
1;2330;25;1
1;2331;25;1
1;2332;25;1
1;2333;25;1
1;2334;25;1
1;2335;25;1
1;2336;25;1
1;2337;25;1
1;2338;25;1
1;2339;25;1
1;2340;25;1
1;2341;25;1
1;2342;25;1
1;2343;25;1
1;2344;25;1
1;2345;25;1
1;2346;3;1
1;2347;3;1
1;2348;3;1
1;2349;3;1
1;2350;3;1
1;2351;3;1
1;2352;3;1
1;2353;3;1
1;2354;3;1
1;2355;3;1
1;2356;3;1
1;2357;3;1
1;2358;3;1
1;2359;3;1
1;2360;35;1
1;2361;9;1
1;2362;40;1
1;2363;37;1
1;2364;25;1
1;2365;3;1
1;2366;25;1
1;2367;3;1
1;2368;12;1
1;2369;25;1
1;2370;3;1
1;2371;25;1
1;2372;10;1
1;2373;3;1
1;2374;25;1
1;2375;3;1
1;2376;25;1
1;2377;3;1
1;2378;25;1
1;2379;3;1
1;2380;25;1
1;2381;3;1
1;2382;25;1
1;2383;35;1
1;2384;3;1
1;2385;25;1
1;2386;3;1
1;2387;25;1
1;2388;3;1
1;2389;25;1
1;2390;3;1
1;2391;25;1
1;2392;3;1
1;2393;66;1
1;2394;25;1
1;2395;3;1
1;2396;25;1
1;2397;3;1
1;2398;12;1
1;2399;10;1
1;2400;25;1
1;2401;3;1
1;2402;40;1
1;2403;25;1
1;2404;3;1
1;2405;25;1
1;2406;3;1
1;2407;25;1
1;2408;3;1
1;2409;25;1
1;2410;7;1
1;2411;3;1
1;2412;25;1
1;2413;3;1
1;2414;9;1
1;2415;3;1
1;2416;25;1
1;2417;3;1
1;2418;25;1
1;2419;3;1
1;2420;10;1
1;2421;25;1
1;2422;3;1
1;2423;25;1
1;2424;3;1
1;2425;25;1
1;2426;3;1
1;2427;66;1
1;2428;25;1
1;2429;3;1
1;2430;12;1
1;2431;9;1
1;2432;25;1
1;2433;3;1
1;2434;25;1
1;2435;3;1
1;2436;25;1
1;2437;12;1
1;2438;10;1
1;2439;58;1
1;2440;40;1
1;2441;3;1
1;2442;25;1
1;2443;3;1
1;2444;25;1
1;2445;3;1
1;2446;25;1
1;2447;3;1
1;2448;25;1
1;2449;3;1
1;2450;3;1
1;2451;25;1
1;2452;3;1
1;2453;25;1
1;2454;3;1
1;2455;25;1
1;2456;25;1
1;2457;25;1
1;2458;3;1
1;2459;25;1
1;2460;25;1
1;2461;25;1
1;2462;70;1
1;2463;70;1
1;2464;70;1
1;2465;70;1
1;2466;48;1
1;2467;3;1
1;2468;48;1
1;2469;43;1
1;2470;70;1
1;2471;48;1
1;2472;43;1
1;2473;43;1
1;2474;43;1
1;2475;3;1
1;2476;3;1
1;2477;48;1
1;2478;3;1
1;2479;3;1
1;2480;3;1
1;2481;3;1
1;2482;3;1
1;2483;3;1
1;2484;3;1
1;2485;3;1
1;2486;3;1
1;2487;3;1
1;2488;3;1
1;2489;3;1
1;2490;3;1
1;2491;48;1
1;2492;48;1
1;2493;48;1
1;2494;11;1
1;2495;63;1
1;2496;56;1
1;2497;63;1
1;2498;62;1
1;2499;3;1
1;2500;3;1
1;2501;62;1
1;2502;62;1
1;2503;62;1
1;2504;48;1
1;2505;62;1
1;2506;48;1
1;2507;62;1
1;2508;62;1
1;2509;56;1
1;2510;67;1
1;2511;3;1
1;2512;71;1
1;2513;62;1
1;2514;67;1
1;2515;3;1
1;2516;56;1
1;2517;62;1
1;2518;62;1
1;2519;67;1
1;2520;62;1
1;2521;56;1
1;2522;56;1
1;2523;71;1
1;2524;3;1
1;2525;71;1
1;2526;3;1
1;2527;56;1
1;2528;62;1
1;2529;67;1
1;2530;67;1
1;2531;62;1
1;2532;3;1
1;2533;3;1
1;2534;56;1
1;2535;67;1
1;2536;62;1
1;2537;67;1
1;2538;56;1
1;2539;3;1
1;2540;62;1
1;2541;71;1
1;2542;56;1
1;2543;3;1
1;2544;3;1
1;2545;3;1
1;2546;67;1
1;2547;62;1
1;2548;48;1
1;2549;71;1
1;2550;3;1
1;2551;25;1
1;2552;62;1
1;2553;62;1
1;2554;67;1
1;2555;67;1
1;2556;56;1
1;2557;3;1
1;2558;2;1
1;2559;2;1
1;2560;2;1
1;2561;2;1
1;2562;2;1
1;2563;2;1
1;2564;2;1
1;2565;2;1
1;2566;2;1
1;2567;2;1
1;2568;2;1
1;2569;2;1
1;2570;2;1
1;2571;2;1
1;2572;2;1
1;2573;2;1
1;2574;2;1
1;2575;2;1
1;2576;2;1
1;2577;2;1
1;2578;2;1
1;2579;2;1
1;2580;2;1
1;2581;2;1
1;2582;2;1
1;2583;2;1
1;2584;2;1
1;2585;2;1
1;2586;2;1
1;2587;2;1
1;2588;2;1
1;2589;2;1
1;2590;2;1
1;2591;2;1
1;2592;2;1
1;2593;2;1
1;2594;2;1
1;2595;2;1
1;2596;2;1
1;2597;2;1
1;2598;2;1
1;2599;2;1
1;2600;2;1
1;2601;2;1
1;2602;2;1
1;2603;2;1
1;2604;2;1
1;2605;2;1
2;1;24;1
2;2;26;1
2;3;64;1
2;4;55;1
2;5;25;1
2;6;23;1
2;7;6;1
2;8;24;1
2;9;6;1
2;10;6;1
2;11;25;1
2;12;46;1
2;13;25;1
2;14;49;1
2;15;6;1
2;16;6;1
2;17;23;1
2;18;6;1
2;19;6;1
2;20;52;1
2;21;24;1
2;22;25;1
2;23;52;1
2;24;24;1
2;25;6;1
2;26;23;1
2;27;24;1
2;28;6;1
2;29;6;1
2;30;25;1
2;31;25;1
2;32;47;1
2;33;24;1
2;34;24;1
2;35;23;1
2;36;23;1
2;37;25;1
2;38;25;1
2;39;47;1
2;40;24;1
2;41;6;1
2;42;24;1
2;43;6;1
2;44;23;1
2;45;6;1
2;46;25;1
2;47;52;1
2;48;24;1
2;49;6;1
2;50;6;1
2;51;73;1
2;52;6;1
2;53;6;1
2;54;73;1
2;55;73;1
2;56;73;1
2;57;25;1
2;58;25;1
2;59;24;1
2;60;73;1
2;61;60;1
2;62;25;1
2;63;25;1
2;64;73;1
2;65;25;1
2;66;52;1
2;67;60;1
2;68;60;1
2;69;73;1
2;70;60;1
2;71;73;1
2;72;73;1
2;73;6;1
2;74;52;1
2;75;52;1
2;76;23;1
2;77;6;1
2;78;25;1
2;79;52;1
2;80;52;1
2;81;23;1
2;82;23;1
2;83;23;1
2;84;6;1
2;85;24;1
2;86;6;1
2;87;24;1
2;88;25;1
2;89;46;1
2;90;6;1
2;91;24;1
2;92;47;1
2;93;25;1
2;94;52;1
2;95;24;1
2;96;23;1
2;97;6;1
2;98;24;1
2;99;54;1
2;100;5;1
2;101;54;1
2;102;54;1
2;103;54;1
2;104;54;1
2;105;54;1
2;106;54;1
2;107;46;1
2;108;52;1
2;109;54;1
2;110;5;1
2;111;54;1
2;112;4;1
2;113;54;1
2;114;54;1
2;115;47;1
2;116;54;1
2;117;54;1
2;118;50;1
2;119;54;1
2;120;5;1
2;121;47;1
2;122;6;1
2;123;54;1
2;124;54;1
2;125;5;1
2;126;4;1
2;127;54;1
2;128;54;1
2;129;4;1
2;130;54;1
2;131;54;1
2;132;4;1
2;133;25;1
2;134;4;1
2;135;54;1
2;136;46;1
2;137;46;1
2;138;54;1
2;139;5;1
2;140;54;1
2;141;4;1
2;142;54;1
2;143;54;1
2;144;54;1
2;145;54;1
2;146;4;1
2;147;5;1
2;148;4;1
2;149;24;1
2;150;25;1
2;151;54;1
2;152;54;1
2;153;54;1
2;154;54;1
2;155;5;1
2;156;54;1
2;157;54;1
2;158;54;1
2;159;4;1
2;160;54;1
2;161;54;1
2;162;5;1
2;163;54;1
2;164;54;1
2;165;5;1
2;166;4;1
2;167;5;1
2;168;4;1
2;169;4;1
2;170;50;1
2;171;54;1
2;172;54;1
2;173;54;1
2;174;4;1
2;175;6;1
2;176;6;1
2;177;54;1
2;178;4;1
2;179;6;1
2;180;50;1
2;181;50;1
2;182;50;1
2;183;50;1
2;184;50;1
2;185;50;1
2;186;50;1
2;187;54;1
2;188;50;1
2;189;50;1
2;190;50;1
2;191;50;1
2;192;50;1
2;193;50;1
2;194;50;1
2;195;50;1
2;196;50;1
2;197;50;1
2;198;50;1
2;199;50;1
2;200;50;1
2;201;50;1
2;202;54;1
2;203;54;1
2;204;54;1
2;205;53;1
2;206;53;1
2;207;53;1
2;208;53;1
2;209;53;1
2;210;10;1
2;211;3;1
2;212;3;1
2;213;3;1
2;214;21;1
2;215;3;1
2;216;3;1
2;217;21;1
2;218;21;1
2;219;21;1
2;220;21;1
2;221;45;1
2;222;45;1
2;223;45;1
2;224;53;1
2;225;3;1
2;226;21;1
2;227;21;1
2;228;3;1
2;229;21;1
2;230;53;1
2;231;21;1
2;232;21;1
2;233;53;1
2;234;3;1
2;235;53;1
2;236;3;1
2;237;21;1
2;238;3;1
2;239;21;1
2;240;3;1
2;241;21;1
2;242;3;1
2;243;3;1
2;244;21;1
2;245;53;1
2;246;53;1
2;247;21;1
2;248;53;1
2;249;53;1
2;250;21;1
2;251;53;1
2;252;53;1
2;253;53;1
2;254;53;1
2;255;21;1
2;256;53;1
2;257;21;1
2;258;3;1
2;259;3;1
2;260;21;1
2;261;3;1
2;262;53;1
2;263;21;1
2;264;53;1
2;265;3;1
2;266;21;1
2;267;21;1
2;268;53;1
2;269;3;1
2;270;21;1
2;271;10;1
2;272;3;1
2;273;21;1
2;274;3;1
2;275;21;1
2;276;21;1
2;277;53;1
2;278;3;1
2;279;21;1
2;280;53;1
2;281;3;1
2;282;21;1
2;283;3;1
2;284;21;1
2;285;3;1
2;286;53;1
2;287;53;1
2;288;53;1
2;289;3;1
2;290;21;1
2;291;3;1
2;292;21;1
2;293;21;1
2;294;21;1
2;295;3;1
2;296;53;1
2;297;21;1
2;298;53;1
2;299;53;1
2;300;3;1
2;301;3;1
2;302;21;1
2;303;40;1
2;304;3;1
2;305;40;1
2;306;21;1
2;307;3;1
2;308;53;1
2;309;21;1
2;310;3;1
2;311;21;1
2;312;3;1
2;313;10;1
2;314;53;1
2;315;3;1
2;316;21;1
2;317;21;1
2;318;3;1
2;319;21;1
2;320;3;1
2;321;21;1
2;322;21;1
2;323;21;1
2;324;21;1
2;325;3;1
2;326;21;1
2;327;39;1
2;328;53;1
2;329;21;1
2;330;53;1
2;331;21;1
2;332;53;1
2;333;53;1
2;334;10;1
2;335;21;1
2;336;53;1
2;337;0;1
2;338;53;1
2;339;53;1
2;340;21;1
2;341;3;1
2;342;3;1
2;343;3;1
2;344;3;1
2;345;21;1
2;346;3;1
2;347;21;1
2;348;21;1
2;349;21;1
2;350;21;1
2;351;3;1
2;352;21;1
2;353;3;1
2;354;21;1
2;355;3;1
2;356;3;1
2;357;3;1
2;358;53;1
2;359;40;1
2;360;3;1
2;361;3;1
2;362;3;1
2;363;3;1
2;364;3;1
2;365;70;1
2;366;3;1
2;367;3;1
2;368;3;1
2;369;3;1
2;370;21;1
2;371;21;1
2;372;21;1
2;373;53;1
2;374;3;1
2;375;53;1
2;376;53;1
2;377;53;1
2;378;53;1
2;379;53;1
2;380;21;1
2;381;3;1
2;382;3;1
2;383;21;1
2;384;39;1
2;385;53;1
2;386;53;1
2;387;53;1
2;388;53;1
2;389;53;1
2;390;21;1
2;391;53;1
2;392;53;1
2;393;3;1
2;394;21;1
2;395;21;1
2;396;53;1
2;397;8;1
2;398;8;1
2;399;8;1
2;400;8;1
2;401;20;1
2;402;8;1
2;403;20;1
2;404;8;1
2;405;20;1
2;406;20;1
2;407;10;1
2;408;8;1
2;409;20;1
2;410;8;1
2;411;20;1
2;412;21;1
2;413;20;1
2;414;20;1
2;415;20;1
2;416;8;1
2;417;20;1
2;418;21;1
2;419;8;1
2;420;20;1
2;421;8;1
2;422;20;1
2;423;8;1
2;424;20;1
2;425;8;1
2;426;20;1
2;427;20;1
2;428;20;1
2;429;20;1
2;430;20;1
2;431;8;1
2;432;20;1
2;433;20;1
2;434;20;1
2;435;20;1
2;436;8;1
2;437;20;1
2;438;20;1
2;439;21;1
2;440;8;1
2;441;21;1
2;442;21;1
2;443;21;1
2;444;3;1
2;445;21;1
2;446;21;1
2;447;53;1
2;448;3;1
2;449;1;1
2;450;21;1
2;451;21;1
2;452;1;1
2;453;3;1
2;454;21;1
2;455;21;1
2;456;53;1
2;457;21;1
2;458;3;1
2;459;21;1
2;460;21;1
2;461;21;1
2;462;3;1
2;463;3;1
2;464;53;1
2;465;21;1
2;466;53;1
2;467;21;1
2;468;53;1
2;469;3;1
2;470;21;1
2;471;53;1
2;472;21;1
2;473;53;1
2;474;21;1
2;475;21;1
2;476;3;1
2;477;3;1
2;478;40;1
2;479;53;1
2;480;21;1
2;481;3;1
2;482;21;1
2;483;53;1
2;484;53;1
2;485;21;1
2;486;3;1
2;487;53;1
2;488;21;1
2;489;21;1
2;490;21;1
2;491;21;1
2;492;53;1
2;493;21;1
2;494;53;1
2;495;1;1
2;496;53;1
2;497;1;1
2;498;21;1
2;499;53;1
2;500;21;1
2;501;53;1
2;502;3;1
2;503;53;1
2;504;21;1
2;505;1;1
2;506;21;1
2;507;21;1
2;508;53;1
2;509;3;1
2;510;21;1
2;511;21;1
2;512;3;1
2;513;21;1
2;514;3;1
2;515;21;1
2;516;3;1
2;517;53;1
2;518;3;1
2;519;53;1
2;520;3;1
2;521;3;1
2;522;3;1
2;523;3;1
2;524;3;1
2;525;3;1
2;526;3;1
2;527;3;1
2;528;21;1
2;529;3;1
2;530;53;1
2;531;21;1
2;532;53;1
2;533;53;1
2;534;53;1
2;535;3;1
2;536;53;1
2;537;21;1
2;538;53;1
2;539;3;1
2;540;53;1
2;541;21;1
2;542;53;1
2;543;3;1
2;544;3;1
2;545;21;1
2;546;40;1
2;547;40;1
2;548;3;1
2;549;53;1
2;550;53;1
2;551;53;1
2;552;21;1
2;553;3;1
2;554;21;1
2;555;21;1
2;556;53;1
2;557;53;1
2;558;53;1
2;559;53;1
2;560;53;1
2;561;53;1
2;562;53;1
2;563;53;1
2;564;53;1
2;565;53;1
2;566;39;1
2;567;21;1
2;568;53;1
2;569;21;1
2;570;53;1
2;571;21;1
2;572;53;1
2;573;1;1
2;574;53;1
2;575;53;1
2;576;1;1
2;577;53;1
2;578;53;1
2;579;1;1
2;580;1;1
2;581;53;1
2;582;53;1
2;583;21;1
2;584;53;1
2;585;53;1
2;586;53;1
2;587;53;1
2;588;53;1
2;589;53;1
2;590;53;1
2;591;53;1
2;592;53;1
2;593;53;1
2;594;2;1
2;595;3;1
2;596;21;1
2;597;3;1
2;598;1;1
2;599;21;1
2;600;1;1
2;601;3;1
2;602;21;1
2;603;1;1
2;604;53;1
2;605;3;1
2;606;53;1
2;607;3;1
2;608;3;1
2;609;53;1
2;610;53;1
2;611;3;1
2;612;53;1
2;613;3;1
2;614;53;1
2;615;53;1
2;616;3;1
2;617;53;1
2;618;53;1
2;619;21;1
2;620;21;1
2;621;3;1
2;622;21;1
2;623;21;1
2;624;1;1
2;625;21;1
2;626;1;1
2;627;1;1
2;628;1;1
2;629;3;1
2;630;40;1
2;631;21;1
2;632;21;1
2;633;21;1
2;634;3;1
2;635;21;1
2;636;21;1
2;637;21;1
2;638;3;1
2;639;21;1
2;640;21;1
2;641;53;1
2;642;53;1
2;643;53;1
2;644;3;1
2;645;3;1
2;646;21;1
2;647;21;1
2;648;3;1
2;649;3;1
2;650;53;1
2;651;53;1
2;652;53;1
2;653;53;1
2;654;22;1
2;655;22;1
2;656;22;1
2;657;22;1
2;658;22;1
2;659;22;1
2;660;22;1
2;661;22;1
2;662;22;1
2;663;22;1
2;664;22;1
2;665;22;1
2;666;22;1
2;667;53;1
2;668;22;1
2;669;3;1
2;670;21;1
2;671;53;1
2;672;21;1
2;673;53;1
2;674;3;1
2;675;21;1
2;676;53;1
2;677;3;1
2;678;21;1
2;679;1;1
2;680;21;1
2;681;1;1
2;682;3;1
2;683;21;1
2;684;1;1
2;685;22;1
2;686;22;1
2;687;22;1
2;688;22;1
2;689;22;1
2;690;21;1
2;691;3;1
2;692;3;1
2;693;21;1
2;694;3;1
2;695;3;1
2;696;21;1
2;697;21;1
2;698;3;1
2;699;21;1
2;700;3;1
2;701;21;1
2;702;1;1
2;703;53;1
2;704;53;1
2;705;21;1
2;706;1;1
2;707;53;1
2;708;53;1
2;709;53;1
2;710;1;1
2;711;53;1
2;712;53;1
2;713;3;1
2;714;21;1
2;715;21;1
2;716;1;1
2;717;53;1
2;718;1;1
2;719;53;1
2;720;21;1
2;721;21;1
2;722;21;1
2;723;1;1
2;724;21;1
2;725;1;1
2;726;3;1
2;727;21;1
2;728;3;1
2;729;3;1
2;730;21;1
2;731;21;1
2;732;3;1
2;733;3;1
2;734;21;1
2;735;3;1
2;736;53;1
2;737;10;1
2;738;21;1
2;739;70;1
2;740;21;1
2;741;3;1
2;742;3;1
2;743;3;1
2;744;3;1
2;745;21;1
2;746;3;1
2;747;3;1
2;748;21;1
2;749;3;1
2;750;21;1
2;751;21;1
2;752;3;1
2;753;21;1
2;754;53;1
2;755;53;1
2;756;21;1
2;757;39;1
2;758;21;1
2;759;3;1
2;760;21;1
2;761;3;1
2;762;3;1
2;763;3;1
2;764;53;1
2;765;53;1
2;766;21;1
2;767;3;1
2;768;53;1
2;769;21;1
2;770;3;1
2;771;21;1
2;772;3;1
2;773;21;1
2;774;3;1
2;775;21;1
2;776;21;1
2;777;21;1
2;778;3;1
2;779;1;1
2;780;3;1
2;781;21;1
2;782;3;1
2;783;53;1
2;784;53;1
2;785;53;1
2;786;53;1
2;787;53;1
2;788;53;1
2;789;40;1
2;790;40;1
2;791;53;1
2;792;21;1
2;793;21;1
2;794;53;1
2;795;21;1
2;796;21;1
2;797;21;1
2;798;53;1
2;799;21;1
2;800;53;1
2;801;21;1
2;802;1;1
2;803;3;1
2;804;53;1
2;805;21;1
2;806;1;1
2;807;21;1
2;808;21;1
2;809;53;1
2;810;21;1
2;811;53;1
2;812;21;1
2;813;21;1
2;814;53;1
2;815;21;1
2;816;3;1
2;817;21;1
2;818;53;1
2;819;3;1
2;820;21;1
2;821;3;1
2;822;53;1
2;823;21;1
2;824;1;1
2;825;21;1
2;826;3;1
2;827;21;1
2;828;21;1
2;829;53;1
2;830;21;1
2;831;21;1
2;832;1;1
2;833;21;1
2;834;21;1
2;835;21;1
2;836;1;1
2;837;1;1
2;838;53;1
2;839;21;1
2;840;21;1
2;841;53;1
2;842;21;1
2;843;53;1
2;844;21;1
2;845;53;1
2;846;1;1
2;847;53;1
2;848;21;1
2;849;21;1
2;850;21;1
2;851;21;1
2;852;3;1
2;853;21;1
2;854;3;1
2;855;21;1
2;856;3;1
2;857;53;1
2;858;21;1
2;859;21;1
2;860;21;1
2;861;3;1
2;862;21;1
2;863;3;1
2;864;21;1
2;865;1;1
2;866;3;1
2;867;3;1
2;868;53;1
2;869;3;1
2;870;53;1
2;871;53;1
2;872;21;1
2;873;21;1
2;874;3;1
2;875;21;1
2;876;21;1
2;877;3;1
2;878;3;1
2;879;21;1
2;880;3;1
2;881;53;1
2;882;3;1
2;883;53;1
2;884;3;1
2;885;53;1
2;886;3;1
2;887;3;1
2;888;3;1
2;889;3;1
2;890;53;1
2;891;3;1
2;892;53;1
2;893;3;1
2;894;3;1
2;895;21;1
2;896;3;1
2;897;21;1
2;898;3;1
2;899;53;1
2;900;53;1
2;901;53;1
2;902;3;1
2;903;21;1
2;904;53;1
2;905;53;1
2;906;53;1
2;907;53;1
2;908;21;1
2;909;3;1
2;910;53;1
2;911;21;1
2;912;53;1
2;913;53;1
2;914;21;1
2;915;53;1
2;916;53;1
2;917;3;1
2;918;3;1
2;919;21;1
2;920;53;1
2;921;21;1
2;922;53;1
2;923;53;1
2;924;21;1
2;925;3;1
2;926;21;1
2;927;53;1
2;928;53;1
2;929;53;1
2;930;3;1
2;931;3;1
2;932;1;1
2;933;3;1
2;934;53;1
2;935;53;1
2;936;3;1
2;937;53;1
2;938;3;1
2;939;53;1
2;940;3;1
2;941;3;1
2;942;3;1
2;943;3;1
2;944;10;1
2;945;53;1
2;946;53;1
2;947;3;1
2;948;21;1
2;949;53;1
2;950;53;1
2;951;53;1
2;952;3;1
2;953;53;1
2;954;3;1
2;955;21;1
2;956;3;1
2;957;21;1
2;958;40;1
2;959;21;1
2;960;3;1
2;961;21;1
2;962;3;1
2;963;3;1
2;964;21;1
2;965;3;1
2;966;21;1
2;967;3;1
2;968;21;1
2;969;10;1
2;970;21;1
2;971;53;1
2;972;21;1
2;973;53;1
2;974;53;1
2;975;3;1
2;976;53;1
2;977;1;1
2;978;3;1
2;979;21;1
2;980;21;1
2;981;53;1
2;982;21;1
2;983;53;1
2;984;21;1
2;985;3;1
2;986;3;1
2;987;53;1
2;988;21;1
2;989;53;1
2;990;53;1
2;991;53;1
2;992;53;1
2;993;3;1
2;994;53;1
2;995;21;1
2;996;3;1
2;997;21;1
2;998;3;1
2;999;21;1
2;1000;53;1
2;1001;3;1
2;1002;21;1
2;1003;3;1
2;1004;3;1
2;1005;21;1
2;1006;21;1
2;1007;53;1
2;1008;3;1
2;1009;3;1
2;1010;53;1
2;1011;3;1
2;1012;21;1
2;1013;21;1
2;1014;53;1
2;1015;53;1
2;1016;53;1
2;1017;21;1
2;1018;21;1
2;1019;3;1
2;1020;21;1
2;1021;21;1
2;1022;21;1
2;1023;3;1
2;1024;3;1
2;1025;3;1
2;1026;3;1
2;1027;3;1
2;1028;3;1
2;1029;3;1
2;1030;21;1
2;1031;21;1
2;1032;3;1
2;1033;3;1
2;1034;3;1
2;1035;3;1
2;1036;3;1
2;1037;3;1
2;1038;21;1
2;1039;21;1
2;1040;25;1
2;1041;25;1
2;1042;25;1
2;1043;25;1
2;1044;25;1
2;1045;3;1
2;1046;3;1
2;1047;3;1
2;1048;3;1
2;1049;58;1
2;1050;25;1
2;1051;25;1
2;1052;25;1
2;1053;25;1
2;1054;25;1
2;1055;3;1
2;1056;3;1
2;1057;3;1
2;1058;3;1
2;1059;3;1
2;1060;55;1
2;1061;25;1
2;1062;25;1
2;1063;25;1
2;1064;25;1
2;1065;25;1
2;1066;25;1
2;1067;25;1
2;1068;25;1
2;1069;25;1
2;1070;25;1
2;1071;25;1
2;1072;3;1
2;1073;3;1
2;1074;3;1
2;1075;3;1
2;1076;3;1
2;1077;3;1
2;1078;3;1
2;1079;3;1
2;1080;3;1
2;1081;3;1
2;1082;3;1
2;1083;3;1
2;1084;3;1
2;1085;10;1
2;1086;35;1
2;1087;25;1
2;1088;25;1
2;1089;25;1
2;1090;25;1
2;1091;25;1
2;1092;3;1
2;1093;25;1
2;1094;25;1
2;1095;25;1
2;1096;25;1
2;1097;25;1
2;1098;25;1
2;1099;25;1
2;1100;25;1
2;1101;25;1
2;1102;25;1
2;1103;25;1
2;1104;25;1
2;1105;25;1
2;1106;25;1
2;1107;25;1
2;1108;25;1
2;1109;25;1
2;1110;3;1
2;1111;3;1
2;1112;3;1
2;1113;3;1
2;1114;3;1
2;1115;3;1
2;1116;3;1
2;1117;3;1
2;1118;3;1
2;1119;3;1
2;1120;3;1
2;1121;3;1
2;1122;3;1
2;1123;3;1
2;1124;3;1
2;1125;14;1
2;1126;10;1
2;1127;25;1
2;1128;25;1
2;1129;25;1
2;1130;25;1
2;1131;25;1
2;1132;25;1
2;1133;25;1
2;1134;25;1
2;1135;25;1
2;1136;25;1
2;1137;25;1
2;1138;8;1
2;1139;25;1
2;1140;25;1
2;1141;25;1
2;1142;25;1
2;1143;8;1
2;1144;8;1
2;1145;3;1
2;1146;3;1
2;1147;3;1
2;1148;3;1
2;1149;3;1
2;1150;3;1
2;1151;3;1
2;1152;3;1
2;1153;3;1
2;1154;3;1
2;1155;3;1
2;1156;3;1
2;1157;3;1
2;1158;3;1
2;1159;3;1
2;1160;3;1
2;1161;58;1
2;1162;37;1
2;1163;10;1
2;1164;25;1
2;1165;25;1
2;1166;25;1
2;1167;25;1
2;1168;25;1
2;1169;3;1
2;1170;3;1
2;1171;3;1
2;1172;3;1
2;1173;3;1
2;1174;3;1
2;1175;25;1
2;1176;25;1
2;1177;25;1
2;1178;25;1
2;1179;25;1
2;1180;25;1
2;1181;25;1
2;1182;25;1
2;1183;3;1
2;1184;3;1
2;1185;3;1
2;1186;3;1
2;1187;3;1
2;1188;3;1
2;1189;3;1
2;1190;3;1
2;1191;10;1
2;1192;69;1
2;1193;25;1
2;1194;25;1
2;1195;25;1
2;1196;25;1
2;1197;25;1
2;1198;25;1
2;1199;25;1
2;1200;25;1
2;1201;25;1
2;1202;25;1
2;1203;25;1
2;1204;25;1
2;1205;3;1
2;1206;3;1
2;1207;3;1
2;1208;3;1
2;1209;3;1
2;1210;3;1
2;1211;3;1
2;1212;3;1
2;1213;3;1
2;1214;3;1
2;1215;3;1
2;1216;3;1
2;1217;3;1
2;1218;3;1
2;1219;65;1
2;1220;25;1
2;1221;25;1
2;1222;25;1
2;1223;25;1
2;1224;25;1
2;1225;25;1
2;1226;3;1
2;1227;3;1
2;1228;3;1
2;1229;3;1
2;1230;3;1
2;1231;3;1
2;1232;25;1
2;1233;25;1
2;1234;25;1
2;1235;25;1
2;1236;25;1
2;1237;3;1
2;1238;3;1
2;1239;3;1
2;1240;3;1
2;1241;25;1
2;1242;25;1
2;1243;25;1
2;1244;25;1
2;1245;25;1
2;1246;25;1
2;1247;25;1
2;1248;25;1
2;1249;3;1
2;1250;3;1
2;1251;3;1
2;1252;3;1
2;1253;3;1
2;1254;3;1
2;1255;3;1
2;1256;25;1
2;1257;25;1
2;1258;25;1
2;1259;25;1
2;1260;3;1
2;1261;3;1
2;1262;3;1
2;1263;3;1
2;1264;36;1
2;1265;25;1
2;1266;25;1
2;1267;3;1
2;1268;3;1
2;1269;3;1
2;1270;3;1
2;1271;3;1
2;1272;25;1
2;1273;25;1
2;1274;25;1
2;1275;25;1
2;1276;25;1
2;1277;25;1
2;1278;3;1
2;1279;3;1
2;1280;3;1
2;1281;3;1
2;1282;3;1
2;1283;25;1
2;1284;25;1
2;1285;25;1
2;1286;25;1
2;1287;25;1
2;1288;25;1
2;1289;25;1
2;1290;25;1
2;1291;25;1
2;1292;3;1
2;1293;3;1
2;1294;3;1
2;1295;3;1
2;1296;3;1
2;1297;3;1
2;1298;3;1
2;1299;3;1
2;1300;3;1
2;1301;3;1
2;1302;3;1
2;1303;3;1
2;1304;3;1
2;1305;59;1
2;1306;25;1
2;1307;25;1
2;1308;3;1
2;1309;3;1
2;1310;3;1
2;1311;3;1
2;1312;3;1
2;1313;3;1
2;1314;3;1
2;1315;3;1
2;1316;3;1
2;1317;25;1
2;1318;25;1
2;1319;25;1
2;1320;25;1
2;1321;3;1
2;1322;3;1
2;1323;3;1
2;1324;25;1
2;1325;25;1
2;1326;25;1
2;1327;25;1
2;1328;25;1
2;1329;25;1
2;1330;25;1
2;1331;25;1
2;1332;3;1
2;1333;3;1
2;1334;3;1
2;1335;3;1
2;1336;3;1
2;1337;3;1
2;1338;25;1
2;1339;25;1
2;1340;25;1
2;1341;25;1
2;1342;25;1
2;1343;3;1
2;1344;3;1
2;1345;3;1
2;1346;25;1
2;1347;25;1
2;1348;25;1
2;1349;25;1
2;1350;25;1
2;1351;25;1
2;1352;25;1
2;1353;25;1
2;1354;3;1
2;1355;3;1
2;1356;3;1
2;1357;25;1
2;1358;25;1
2;1359;25;1
2;1360;25;1
2;1361;25;1
2;1362;25;1
2;1363;25;1
2;1364;25;1
2;1365;3;1
2;1366;3;1
2;1367;3;1
2;1368;3;1
2;1369;3;1
2;1370;3;1
2;1371;3;1
2;1372;39;1
2;1373;58;1
2;1374;66;1
2;1375;35;1
2;1376;35;1
2;1377;69;1
2;1378;25;1
2;1379;25;1
2;1380;25;1
2;1381;25;1
2;1382;25;1
2;1383;25;1
2;1384;25;1
2;1385;25;1
2;1386;3;1
2;1387;3;1
2;1388;3;1
2;1389;3;1
2;1390;3;1
2;1391;3;1
2;1392;3;1
2;1393;3;1
2;1394;35;1
2;1395;25;1
2;1396;25;1
2;1397;25;1
2;1398;25;1
2;1399;25;1
2;1400;25;1
2;1401;25;1
2;1402;25;1
2;1403;3;1
2;1404;3;1
2;1405;3;1
2;1406;25;1
2;1407;25;1
2;1408;25;1
2;1409;25;1
2;1410;25;1
2;1411;25;1
2;1412;25;1
2;1413;25;1
2;1414;25;1
2;1415;25;1
2;1416;25;1
2;1417;25;1
2;1418;25;1
2;1419;25;1
2;1420;25;1
2;1421;25;1
2;1422;25;1
2;1423;3;1
2;1424;3;1
2;1425;3;1
2;1426;3;1
2;1427;3;1
2;1428;3;1
2;1429;3;1
2;1430;3;1
2;1431;3;1
2;1432;41;1
2;1433;14;1
2;1434;57;1
2;1435;41;1
2;1436;45;1
2;1437;45;1
2;1438;59;1
2;1439;68;1
2;1440;65;1
2;1441;25;1
2;1442;25;1
2;1443;25;1
2;1444;25;1
2;1445;25;1
2;1446;25;1
2;1447;25;1
2;1448;25;1
2;1449;25;1
2;1450;25;1
2;1451;25;1
2;1452;25;1
2;1453;25;1
2;1454;25;1
2;1455;25;1
2;1456;25;1
2;1457;25;1
2;1458;25;1
2;1459;25;1
2;1460;25;1
2;1461;3;1
2;1462;3;1
2;1463;3;1
2;1464;3;1
2;1465;3;1
2;1466;3;1
2;1467;3;1
2;1468;9;1
2;1469;35;1
2;1470;25;1
2;1471;25;1
2;1472;25;1
2;1473;25;1
2;1474;25;1
2;1475;25;1
2;1476;25;1
2;1477;25;1
2;1478;25;1
2;1479;25;1
2;1480;25;1
2;1481;25;1
2;1482;25;1
2;1483;25;1
2;1484;25;1
2;1485;3;1
2;1486;3;1
2;1487;3;1
2;1488;3;1
2;1489;69;1
2;1490;25;1
2;1491;25;1
2;1492;25;1
2;1493;25;1
2;1494;25;1
2;1495;25;1
2;1496;25;1
2;1497;25;1
2;1498;25;1
2;1499;25;1
2;1500;25;1
2;1501;25;1
2;1502;25;1
2;1503;25;1
2;1504;25;1
2;1505;25;1
2;1506;25;1
2;1507;25;1
2;1508;25;1
2;1509;25;1
2;1510;25;1
2;1511;25;1
2;1512;66;1
2;1513;58;1
2;1514;3;1
2;1515;25;1
2;1516;25;1
2;1517;25;1
2;1518;25;1
2;1519;25;1
2;1520;25;1
2;1521;25;1
2;1522;25;1
2;1523;25;1
2;1524;25;1
2;1525;25;1
2;1526;25;1
2;1527;25;1
2;1528;25;1
2;1529;25;1
2;1530;3;1
2;1531;10;1
2;1532;35;1
2;1533;69;1
2;1534;39;1
2;1535;25;1
2;1536;45;1
2;1537;36;1
2;1538;10;1
2;1539;68;1
2;1540;69;1
2;1541;36;1
2;1542;36;1
2;1543;25;1
2;1544;25;1
2;1545;25;1
2;1546;25;1
2;1547;25;1
2;1548;25;1
2;1549;25;1
2;1550;25;1
2;1551;25;1
2;1552;25;1
2;1553;25;1
2;1554;25;1
2;1555;25;1
2;1556;25;1
2;1557;25;1
2;1558;25;1
2;1559;25;1
2;1560;25;1
2;1561;25;1
2;1562;69;1
2;1563;35;1
2;1564;35;1
2;1565;58;1
2;1566;58;1
2;1567;25;1
2;1568;25;1
2;1569;25;1
2;1570;25;1
2;1571;25;1
2;1572;25;1
2;1573;25;1
2;1574;25;1
2;1575;25;1
2;1576;25;1
2;1577;58;1
2;1578;39;1
2;1579;39;1
2;1580;37;1
2;1581;66;1
2;1582;39;1
2;1583;72;1
2;1584;25;1
2;1585;25;1
2;1586;25;1
2;1587;3;1
2;1588;10;1
2;1589;37;1
2;1590;10;1
2;1591;25;1
2;1592;25;1
2;1593;25;1
2;1594;25;1
2;1595;25;1
2;1596;3;1
2;1597;3;1
2;1598;3;1
2;1599;25;1
2;1600;35;1
2;1601;35;1
2;1602;36;1
2;1603;25;1
2;1604;25;1
2;1605;25;1
2;1606;25;1
2;1607;25;1
2;1608;25;1
2;1609;25;1
2;1610;25;1
2;1611;25;1
2;1612;25;1
2;1613;25;1
2;1614;25;1
2;1615;3;1
2;1616;3;1
2;1617;25;1
2;1618;25;1
2;1619;25;1
2;1620;25;1
2;1621;25;1
2;1622;25;1
2;1623;35;1
2;1624;14;1
2;1625;37;1
2;1626;35;1
2;1627;25;1
2;1628;25;1
2;1629;25;1
2;1630;25;1
2;1631;58;1
2;1632;58;1
2;1633;25;1
2;1634;25;1
2;1635;25;1
2;1636;25;1
2;1637;25;1
2;1638;25;1
2;1639;25;1
2;1640;25;1
2;1641;25;1
2;1642;25;1
2;1643;25;1
2;1644;25;1
2;1645;25;1
2;1646;25;1
2;1647;69;1
2;1648;69;1
2;1649;25;1
2;1650;25;1
2;1651;66;1
2;1652;37;1
2;1653;25;1
2;1654;25;1
2;1655;25;1
2;1656;25;1
2;1657;25;1
2;1658;25;1
2;1659;10;1
2;1660;65;1
2;1661;58;1
2;1662;59;1
2;1663;25;1
2;1664;25;1
2;1665;35;1
2;1666;58;1
2;1667;59;1
2;1668;66;1
2;1669;10;1
2;1670;25;1
2;1671;25;1
2;1672;25;1
2;1673;25;1
2;1674;25;1
2;1675;25;1
2;1676;25;1
2;1677;25;1
2;1678;25;1
2;1679;25;1
2;1680;25;1
2;1681;25;1
2;1682;25;1
2;1683;25;1
2;1684;25;1
2;1685;25;1
2;1686;25;1
2;1687;25;1
2;1688;25;1
2;1689;25;1
2;1690;25;1
2;1691;25;1
2;1692;25;1
2;1693;25;1
2;1694;25;1
2;1695;25;1
2;1696;25;1
2;1697;25;1
2;1698;25;1
2;1699;25;1
2;1700;25;1
2;1701;25;1
2;1702;25;1
2;1703;25;1
2;1704;25;1
2;1705;25;1
2;1706;25;1
2;1707;25;1
2;1708;25;1
2;1709;25;1
2;1710;25;1
2;1711;25;1
2;1712;25;1
2;1713;25;1
2;1714;25;1
2;1715;25;1
2;1716;25;1
2;1717;25;1
2;1718;25;1
2;1719;25;1
2;1720;25;1
2;1721;25;1
2;1722;25;1
2;1723;25;1
2;1724;25;1
2;1725;25;1
2;1726;25;1
2;1727;25;1
2;1728;25;1
2;1729;25;1
2;1730;25;1
2;1731;25;1
2;1732;25;1
2;1733;25;1
2;1734;25;1
2;1735;25;1
2;1736;25;1
2;1737;25;1
2;1738;25;1
2;1739;25;1
2;1740;25;1
2;1741;25;1
2;1742;25;1
2;1743;25;1
2;1744;25;1
2;1745;25;1
2;1746;25;1
2;1747;25;1
2;1748;25;1
2;1749;25;1
2;1750;25;1
2;1751;25;1
2;1752;25;1
2;1753;25;1
2;1754;25;1
2;1755;25;1
2;1756;25;1
2;1757;25;1
2;1758;25;1
2;1759;25;1
2;1760;58;1
2;1761;58;1
2;1762;39;1
2;1763;15;1
2;1764;37;1
2;1765;25;1
2;1766;25;1
2;1767;25;1
2;1768;25;1
2;1769;25;1
2;1770;25;1
2;1771;25;1
2;1772;25;1
2;1773;25;1
2;1774;25;1
2;1775;25;1
2;1776;25;1
2;1777;25;1
2;1778;25;1
2;1779;25;1
2;1780;25;1
2;1781;25;1
2;1782;25;1
2;1783;25;1
2;1784;25;1
2;1785;35;1
2;1786;35;1
2;1787;10;1
2;1788;10;1
2;1789;58;1
2;1790;58;1
2;1791;36;1
2;1792;58;1
2;1793;58;1
2;1794;58;1
2;1795;37;1
2;1796;42;1
2;1797;35;1
2;1798;10;1
2;1799;37;1
2;1800;58;1
2;1801;14;1
2;1802;25;1
2;1803;25;1
2;1804;25;1
2;1805;25;1
2;1806;25;1
2;1807;25;1
2;1808;25;1
2;1809;65;1
2;1810;65;1
2;1811;35;1
2;1812;35;1
2;1813;58;1
2;1814;36;1
2;1815;66;1
2;1816;35;1
2;1817;37;1
2;1818;37;1
2;1819;10;1
2;1820;14;1
2;1821;58;1
2;1822;65;1
2;1823;41;1
2;1824;41;1
2;1825;57;1
2;1826;45;1
2;1827;45;1
2;1828;25;1
2;1829;59;1
2;1830;25;1
2;1831;69;1
2;1832;65;1
2;1833;25;1
2;1834;25;1
2;1835;38;1
2;1836;14;1
2;1837;69;1
2;1838;36;1
2;1839;37;1
2;1840;37;1
2;1841;69;1
2;1842;58;1
2;1843;66;1
2;1844;58;1
2;1845;65;1
2;1846;58;1
2;1847;69;1
2;1848;65;1
2;1849;35;1
2;1850;66;1
2;1851;10;1
2;1852;65;1
2;1853;36;1
2;1854;19;1
2;1855;36;1
2;1856;65;1
2;1857;10;1
2;1858;58;1
2;1859;69;1
2;1860;64;1
2;1861;35;1
2;1862;10;1
2;1863;68;1
2;1864;14;1
2;1865;9;1
2;1866;14;1
2;1867;68;1
2;1868;58;1
2;1869;35;1
2;1870;37;1
2;1871;58;1
2;1872;40;1
2;1873;40;1
2;1874;40;1
2;1875;40;1
2;1876;40;1
2;1877;40;1
2;1878;37;1
2;1879;40;1
2;1880;40;1
2;1881;40;1
2;1882;40;1
2;1883;35;1
2;1884;40;1
2;1885;40;1
2;1886;40;1
2;1887;36;1
2;1888;37;1
2;1889;69;1
2;1890;65;1
2;1891;40;1
2;1892;40;1
2;1893;40;1
2;1894;40;1
2;1895;40;1
2;1896;40;1
2;1897;40;1
2;1898;40;1
2;1899;36;1
2;1900;58;1
2;1901;40;1
2;1902;12;1
2;1903;35;1
2;1904;69;1
2;1905;10;1
2;1906;13;1
2;1907;69;1
2;1908;58;1
2;1909;68;1
2;1910;14;1
2;1911;41;1
2;1912;41;1
2;1913;58;1
2;1914;12;1
2;1915;57;1
2;1916;40;1
2;1917;12;1
2;1918;12;1
2;1919;35;1
2;1920;12;1
2;1921;35;1
2;1922;40;1
2;1923;12;1
2;1924;12;1
2;1925;12;1
2;1926;36;1
2;1927;58;1
2;1928;58;1
2;1929;37;1
2;1930;12;1
2;1931;12;1
2;1932;12;1
2;1933;12;1
2;1934;37;1
2;1935;10;1
2;1936;10;1
2;1937;35;1
2;1938;12;1
2;1939;12;1
2;1940;58;1
2;1941;36;1
2;1942;12;1
2;1943;37;1
2;1944;10;1
2;1945;16;1
2;1946;25;1
2;1947;12;1
2;1948;37;1
2;1949;58;1
2;1950;12;1
2;1951;58;1
2;1952;58;1
2;1953;12;1
2;1954;12;1
2;1955;61;1
2;1956;37;1
2;1957;61;1
2;1958;12;1
2;1959;58;1
2;1960;25;1
2;1961;25;1
2;1962;25;1
2;1963;25;1
2;1964;25;1
2;1965;25;1
2;1966;25;1
2;1967;25;1
2;1968;25;1
2;1969;25;1
2;1970;25;1
2;1971;25;1
2;1972;25;1
2;1973;25;1
2;1974;25;1
2;1975;25;1
2;1976;25;1
2;1977;25;1
2;1978;25;1
2;1979;25;1
2;1980;25;1
2;1981;25;1
2;1982;25;1
2;1983;25;1
2;1984;25;1
2;1985;25;1
2;1986;25;1
2;1987;25;1
2;1988;61;1
2;1989;37;1
2;1990;45;1
2;1991;18;1
2;1992;61;1
2;1993;12;1
2;1994;57;1
2;1995;44;1
2;1996;58;1
2;1997;58;1
2;1998;17;1
2;1999;16;1
2;2000;36;1
2;2001;36;1
2;2002;68;1
2;2003;58;1
2;2004;15;1
2;2005;58;1
2;2006;35;1
2;2007;61;1
2;2008;36;1
2;2009;58;1
2;2010;12;1
2;2011;40;1
2;2012;61;1
2;2013;12;1
2;2014;72;1
2;2015;66;1
2;2016;39;1
2;2017;39;1
2;2018;37;1
2;2019;69;1
2;2020;10;1
2;2021;40;1
2;2022;41;1
2;2023;40;1
2;2024;65;1
2;2025;57;1
2;2026;64;1
2;2027;65;1
2;2028;41;1
2;2029;41;1
2;2030;14;1
2;2031;39;1
2;2032;61;1
2;2033;61;1
2;2034;12;1
2;2035;69;1
2;2036;39;1
2;2037;39;1
2;2038;45;1
2;2039;14;1
2;2040;3;1
2;2041;25;1
2;2042;3;1
2;2043;25;1
2;2044;25;1
2;2045;25;1
2;2046;25;1
2;2047;3;1
2;2048;25;1
2;2049;25;1
2;2050;25;1
2;2051;3;1
2;2052;3;1
2;2053;3;1
2;2054;3;1
2;2055;3;1
2;2056;25;1
2;2057;25;1
2;2058;25;1
2;2059;25;1
2;2060;25;1
2;2061;35;1
2;2062;41;1
2;2063;45;1
2;2064;39;1
2;2065;3;1
2;2066;25;1
2;2067;3;1
2;2068;3;1
2;2069;3;1
2;2070;3;1
2;2071;3;1
2;2072;25;1
2;2073;25;1
2;2074;25;1
2;2075;25;1
2;2076;3;1
2;2077;25;1
2;2078;25;1
2;2079;10;1
2;2080;12;1
2;2081;25;1
2;2082;25;1
2;2083;25;1
2;2084;25;1
2;2085;3;1
2;2086;3;1
2;2087;3;1
2;2088;25;1
2;2089;25;1
2;2090;25;1
2;2091;25;1
2;2092;3;1
2;2093;25;1
2;2094;25;1
2;2095;25;1
2;2096;25;1
2;2097;25;1
2;2098;25;1
2;2099;25;1
2;2100;25;1
2;2101;25;1
2;2102;3;1
2;2103;3;1
2;2104;25;1
2;2105;25;1
2;2106;25;1
2;2107;25;1
2;2108;25;1
2;2109;25;1
2;2110;25;1
2;2111;25;1
2;2112;25;1
2;2113;25;1
2;2114;25;1
2;2115;25;1
2;2116;25;1
2;2117;51;1
2;2118;3;1
2;2119;3;1
2;2120;3;1
2;2121;3;1
2;2122;3;1
2;2123;3;1
2;2124;3;1
2;2125;3;1
2;2126;3;1
2;2127;3;1
2;2128;25;1
2;2129;25;1
2;2130;25;1
2;2131;40;1
2;2132;3;1
2;2133;25;1
2;2134;3;1
2;2135;25;1
2;2136;3;1
2;2137;35;1
2;2138;25;1
2;2139;3;1
2;2140;3;1
2;2141;9;1
2;2142;3;1
2;2143;25;1
2;2144;3;1
2;2145;25;1
2;2146;14;1
2;2147;41;1
2;2148;3;1
2;2149;12;1
2;2150;25;1
2;2151;10;1
2;2152;25;1
2;2153;3;1
2;2154;25;1
2;2155;36;1
2;2156;25;1
2;2157;3;1
2;2158;25;1
2;2159;3;1
2;2160;3;1
2;2161;25;1
2;2162;37;1
2;2163;25;1
2;2164;39;1
2;2165;25;1
2;2166;7;1
2;2167;66;1
2;2168;25;1
2;2169;25;1
2;2170;25;1
2;2171;25;1
2;2172;25;1
2;2173;25;1
2;2174;25;1
2;2175;25;1
2;2176;3;1
2;2177;3;1
2;2178;3;1
2;2179;3;1
2;2180;3;1
2;2181;3;1
2;2182;3;1
2;2183;3;1
2;2184;3;1
2;2185;3;1
2;2186;3;1
2;2187;3;1
2;2188;3;1
2;2189;3;1
2;2190;35;1
2;2191;40;1
2;2192;12;1
2;2193;66;1
2;2194;7;1
2;2195;10;1
2;2196;37;1
2;2197;37;1
2;2198;25;1
2;2199;25;1
2;2200;25;1
2;2201;25;1
2;2202;25;1
2;2203;25;1
2;2204;25;1
2;2205;25;1
2;2206;3;1
2;2207;3;1
2;2208;3;1
2;2209;3;1
2;2210;3;1
2;2211;3;1
2;2212;3;1
2;2213;40;1
2;2214;12;1
2;2215;39;1
2;2216;37;1
2;2217;10;1
2;2218;35;1
2;2219;25;1
2;2220;25;1
2;2221;25;1
2;2222;25;1
2;2223;25;1
2;2224;25;1
2;2225;25;1
2;2226;25;1
2;2227;25;1
2;2228;25;1
2;2229;25;1
2;2230;25;1
2;2231;25;1
2;2232;25;1
2;2233;25;1
2;2234;25;1
2;2235;25;1
2;2236;25;1
2;2237;25;1
2;2238;25;1
2;2239;25;1
2;2240;3;1
2;2241;3;1
2;2242;3;1
2;2243;3;1
2;2244;3;1
2;2245;3;1
2;2246;3;1
2;2247;3;1
2;2248;3;1
2;2249;3;1
2;2250;3;1
2;2251;3;1
2;2252;3;1
2;2253;3;1
2;2254;3;1
2;2255;3;1
2;2256;3;1
2;2257;3;1
2;2258;3;1
2;2259;3;1
2;2260;10;1
2;2261;37;1
2;2262;14;1
2;2263;35;1
2;2264;39;1
2;2265;45;1
2;2266;36;1
2;2267;41;1
2;2268;9;1
2;2269;36;1
2;2270;40;1
2;2271;41;1
2;2272;36;1
2;2273;25;1
2;2274;25;1
2;2275;25;1
2;2276;25;1
2;2277;25;1
2;2278;25;1
2;2279;25;1
2;2280;25;1
2;2281;25;1
2;2282;25;1
2;2283;25;1
2;2284;25;1
2;2285;25;1
2;2286;25;1
2;2287;25;1
2;2288;25;1
2;2289;25;1
2;2290;25;1
2;2291;25;1
2;2292;25;1
2;2293;25;1
2;2294;25;1
2;2295;25;1
2;2296;25;1
2;2297;25;1
2;2298;25;1
2;2299;25;1
2;2300;25;1
2;2301;3;1
2;2302;3;1
2;2303;3;1
2;2304;3;1
2;2305;3;1
2;2306;3;1
2;2307;3;1
2;2308;37;1
2;2309;12;1
2;2310;66;1
2;2311;35;1
2;2312;40;1
2;2313;25;1
2;2314;25;1
2;2315;25;1
2;2316;25;1
2;2317;25;1
2;2318;3;1
2;2319;3;1
2;2320;3;1
2;2321;3;1
2;2322;3;1
2;2323;9;1
2;2324;35;1
2;2325;40;1
2;2326;10;1
2;2327;12;1
2;2328;25;1
2;2329;25;1
2;2330;25;1
2;2331;25;1
2;2332;25;1
2;2333;25;1
2;2334;25;1
2;2335;25;1
2;2336;25;1
2;2337;25;1
2;2338;25;1
2;2339;25;1
2;2340;25;1
2;2341;25;1
2;2342;25;1
2;2343;25;1
2;2344;25;1
2;2345;25;1
2;2346;3;1
2;2347;3;1
2;2348;3;1
2;2349;3;1
2;2350;3;1
2;2351;3;1
2;2352;3;1
2;2353;3;1
2;2354;3;1
2;2355;3;1
2;2356;3;1
2;2357;3;1
2;2358;3;1
2;2359;3;1
2;2360;35;1
2;2361;9;1
2;2362;40;1
2;2363;37;1
2;2364;25;1
2;2365;3;1
2;2366;25;1
2;2367;3;1
2;2368;12;1
2;2369;25;1
2;2370;3;1
2;2371;25;1
2;2372;10;1
2;2373;3;1
2;2374;25;1
2;2375;3;1
2;2376;25;1
2;2377;3;1
2;2378;25;1
2;2379;3;1
2;2380;25;1
2;2381;3;1
2;2382;25;1
2;2383;35;1
2;2384;3;1
2;2385;25;1
2;2386;3;1
2;2387;25;1
2;2388;3;1
2;2389;25;1
2;2390;3;1
2;2391;25;1
2;2392;3;1
2;2393;66;1
2;2394;25;1
2;2395;3;1
2;2396;25;1
2;2397;3;1
2;2398;12;1
2;2399;10;1
2;2400;25;1
2;2401;3;1
2;2402;40;1
2;2403;25;1
2;2404;3;1
2;2405;25;1
2;2406;3;1
2;2407;25;1
2;2408;3;1
2;2409;25;1
2;2410;7;1
2;2411;3;1
2;2412;25;1
2;2413;3;1
2;2414;9;1
2;2415;3;1
2;2416;25;1
2;2417;3;1
2;2418;25;1
2;2419;3;1
2;2420;10;1
2;2421;25;1
2;2422;3;1
2;2423;25;1
2;2424;3;1
2;2425;25;1
2;2426;3;1
2;2427;66;1
2;2428;25;1
2;2429;3;1
2;2430;12;1
2;2431;9;1
2;2432;25;1
2;2433;3;1
2;2434;25;1
2;2435;3;1
2;2436;25;1
2;2437;12;1
2;2438;10;1
2;2439;58;1
2;2440;40;1
2;2441;3;1
2;2442;25;1
2;2443;3;1
2;2444;25;1
2;2445;3;1
2;2446;25;1
2;2447;3;1
2;2448;25;1
2;2449;3;1
2;2450;3;1
2;2451;25;1
2;2452;3;1
2;2453;25;1
2;2454;3;1
2;2455;25;1
2;2456;25;1
2;2457;25;1
2;2458;3;1
2;2459;25;1
2;2460;25;1
2;2461;25;1
2;2462;70;1
2;2463;70;1
2;2464;70;1
2;2465;70;1
2;2466;48;1
2;2467;3;1
2;2468;48;1
2;2469;43;1
2;2470;70;1
2;2471;48;1
2;2472;43;1
2;2473;43;1
2;2474;43;1
2;2475;3;1
2;2476;3;1
2;2477;48;1
2;2478;3;1
2;2479;3;1
2;2480;3;1
2;2481;3;1
2;2482;3;1
2;2483;3;1
2;2484;3;1
2;2485;3;1
2;2486;3;1
2;2487;3;1
2;2488;3;1
2;2489;3;1
2;2490;3;1
2;2491;48;1
2;2492;48;1
2;2493;48;1
2;2494;11;1
2;2495;63;1
2;2496;56;1
2;2497;63;1
2;2498;62;1
2;2499;3;1
2;2500;3;1
2;2501;62;1
2;2502;62;1
2;2503;62;1
2;2504;48;1
2;2505;62;1
2;2506;48;1
2;2507;62;1
2;2508;62;1
2;2509;56;1
2;2510;67;1
2;2511;3;1
2;2512;71;1
2;2513;62;1
2;2514;67;1
2;2515;3;1
2;2516;56;1
2;2517;62;1
2;2518;62;1
2;2519;67;1
2;2520;62;1
2;2521;56;1
2;2522;56;1
2;2523;71;1
2;2524;3;1
2;2525;71;1
2;2526;3;1
2;2527;56;1
2;2528;62;1
2;2529;67;1
2;2530;67;1
2;2531;62;1
2;2532;3;1
2;2533;3;1
2;2534;56;1
2;2535;67;1
2;2536;62;1
2;2537;67;1
2;2538;56;1
2;2539;3;1
2;2540;62;1
2;2541;71;1
2;2542;56;1
2;2543;3;1
2;2544;3;1
2;2545;3;1
2;2546;67;1
2;2547;62;1
2;2548;48;1
2;2549;71;1
2;2550;3;1
2;2551;25;1
2;2552;62;1
2;2553;62;1
2;2554;67;1
2;2555;67;1
2;2556;56;1
2;2557;3;1
2;2558;2;1
2;2559;2;1
2;2560;2;1
2;2561;2;1
2;2562;2;1
2;2563;2;1
2;2564;2;1
2;2565;2;1
2;2566;2;1
2;2567;2;1
2;2568;2;1
2;2569;2;1
2;2570;2;1
2;2571;2;1
2;2572;2;1
2;2573;2;1
2;2574;2;1
2;2575;2;1
2;2576;2;1
2;2577;2;1
2;2578;2;1
2;2579;2;1
2;2580;2;1
2;2581;2;1
2;2582;2;1
2;2583;2;1
2;2584;2;1
2;2585;2;1
2;2586;2;1
2;2587;2;1
2;2588;2;1
2;2589;2;1
2;2590;2;1
2;2591;2;1
2;2592;2;1
2;2593;2;1
2;2594;2;1
2;2595;2;1
2;2596;2;1
2;2597;2;1
2;2598;2;1
2;2599;2;1
2;2600;2;1
2;2601;2;1
2;2602;2;1
2;2603;2;1
2;2604;2;1
2;2605;2;1
