ac9895029243c96c62ff07c7b7b7938c1c1bc955,DELETE,regular-file,assets/css/img/2.jpg,1855890,
56ae5c10b4bb2b1bb6a8a8b39509e2543f4e0012,DELETE,regular-file,assets/css/nicepage.css,1514452,
8f9fcc73b9c115e40886c1f629e70a89f9179b17,DELETE,regular-file,assets/fonts/icomoon/icomoon.svg,2181152,
203025fc881ec36bec1b18c0c859eabae157a202,DELETE,regular-file,assets/images/Validation-structure-Test.pdf,1995372,
5776c6caa31515f25dec647446be8df51f028ce5,DELETE,regular-file,assets/images/formats/2.png,1412247,
d663cc96c03f49636a92a7744fdc2ca63bdf4a57,DELETE,regular-file,assets/images/formats/9407.jpg,2167950,
d663cc96c03f49636a92a7744fdc2ca63bdf4a57,DELETE,regular-file,assets/images/formats/94071.jpg,2167950,
d663cc96c03f49636a92a7744fdc2ca63bdf4a57,DELETE,regular-file,assets/images/formats/94072.jpg,2167950,
df58e019c5d090ded4dfec6a061f453247535566,DELETE,regular-file,assets/images/formats/bride-posing.jpg,3815054,
760f2869281e8d051bb239ab26eabeb14cbab16e,DELETE,regular-file,assets/images/formats/criminel-menotte.jpg,18552052,
3e94cdbfd5c2322f440c8d2ba08de1b23af3ce26,DELETE,regular-file,assets/images/formats/cuisine-moderne-decoration-interieure-mobilier-contemporains.jpg,2716047,
f6a25d5922b225d264d14ee571d9289f90b5895a,DELETE,regular-file,assets/images/formats/p305ji0.jpg,5395716,
0c334308935ef3df4e1a0562878b132c28644a11,DELETE,regular-file,assets/uploads/panneaux/Panneau_4GEN_12x3_Valide-01.jpg,2671032,
8599e2cce7fdb798c45cbd67128665f311b35176,DELETE,regular-file,assets/uploads/panneaux/Panneau_4GEN_12x6_Valide-01.jpg,8219185,
d39c1697ad21b010384b2c421a0b0cafa83c61b6,DELETE,regular-file,assets/uploads/panneaux/Panneau_4GEN_3x6-01.jpg,4847310,
cd3982aa2f527655ed612d6605583bd14ec41ad8,DELETE,regular-file,assets/uploads/panneaux/Panneau_4GEN_6x3_Valide-01.jpg,1627600,
8d21a68ed15c7affaec03728e78da6de325afa54,DELETE,regular-file,assets/uploads/panneaux/Panneau_4GEN_6x6_Valide-01.jpg,2699854,
c447f70e98c45d9928438977af583eabea0b0f5e,DELETE,regular-file,assets/uploads/regisseurs/img_0058.JPG,2839135,
c447f70e98c45d9928438977af583eabea0b0f5e,DELETE,regular-file,assets/uploads/regisseurs/img_00581.JPG,2839135,
c447f70e98c45d9928438977af583eabea0b0f5e,DELETE,regular-file,assets/uploads/regisseurs/img_00582.JPG,2839135,
971890a273e8bc81d78706183dd1835e3be81c57,DELETE,regular-file,debug.html,1531745,
e61c37414bc34d2b64f55b84eea7cb27f7a642a0,DELETE,regular-file,uploads/2018172a2ab2498c02e6fd24cb2ad505.pdf,1768464,
e61c37414bc34d2b64f55b84eea7cb27f7a642a0,DELETE,regular-file,uploads/25d883e701834f6efaf4ab8e1c19e3ef.pdf,1768464,
e61c37414bc34d2b64f55b84eea7cb27f7a642a0,DELETE,regular-file,uploads/5fb3b26b4f4fc6db0defa4bd0f2f74da.pdf,1768464,
e61c37414bc34d2b64f55b84eea7cb27f7a642a0,DELETE,regular-file,uploads/Validation_structure_pdf.pdf,1768464,
e61c37414bc34d2b64f55b84eea7cb27f7a642a0,DELETE,regular-file,uploads/b984e4ba53f6108ef6cca24e153a3c45.pdf,1768464,
